kw,vol,kd,intent,serp,terr,etapa,ponte,dono
protetor solar facial,110000,37,Informational,"Image Pack, Site Links, Video, People Also Ask, Popular Products, Related Searches, Short Videos",protetor solar,Adjacente-creme,camiseta UV / lycra (ponte: roupa complementa o creme),não
pilates,110000,51,Informational,"Short Videos, Knowledge Panel, Local Pack, Image Pack, Video, Video Carousel, People Also Ask, Related Searches",pilates,?,,não
protetor solar com cor,40500,24,Informational,"Site Links, Image, People Also Ask, Popular Products, AI Overview, Image Pack, Video, Video Carousel, Related Searches, Short Videos",protetor solar,Adjacente-creme,camiseta UV / lycra (ponte: roupa complementa o creme),não
natação,40500,43,Informational,"Image Pack, Reviews, Video, Image, People Also Ask, Related Searches, Local Pack",natação piscina,?,,não
yoga,40500,61,Informational,"Video Carousel, People Also Ask, Related Searches, AI Overview, Local Pack, Video",yoga,?,,não
mindfulness,33100,46,Informational,"Video, Video Carousel, People Also Ask, Related Searches, AI Overview",yoga,Adjacente,IOGA / FITNESS (top e legging),não
protetor solar infantil,18100,26,Informational,"Related Searches, AI Overview, Reviews, Video, Popular Products, Short Videos, Image Pack, Site Links, People Also Ask",proteção infantil,Família,camiseta UV infantil / maiô infantil,não
protetor solar corporal,14800,25,Commercial,"Image Pack, Site Links, Video, People Also Ask, Popular Products, Related Searches",protetor solar,Adjacente-creme,camiseta UV / lycra (ponte: roupa complementa o creme),não
hot yoga,14800,40,Informational,"Related Searches, Short Videos, AI Overview, Knowledge Panel, Local Pack, Video, Video Carousel, People Also Ask",yoga,?,,não
bola de futevôlei,12100,21,Commercial,"Popular Products, Related Searches, Image Pack, Site Links, Video, Image, Video Carousel, People Also Ask",futevôlei,Equipamento,sunga / bermuda / lycra,não
tapete de yoga,12100,22,Commercial,"Video, Popular Products, Related Searches, AI Overview, Image Pack, Site Links",yoga,Equipamento,IOGA / FITNESS (top e legging),não
pilates emagrece,12100,25,Informational,"Image Pack, Video, People Also Ask, Related Searches, AI Overview",pilates,Benefícios,IOGA / FITNESS (top e legging),não
insolação sintomas,12100,33,Informational,"Video, Video Carousel, People Also Ask, Related Searches, AI Overview",pele e saúde,Saúde,camiseta UV / lycra (autoridade em fotoproteção),não
sintomas de insolação,9900,30,Informational,"Video, Image, Video Carousel, People Also Ask, Related Searches, AI Overview",pele e saúde,?,,não
protetor solar para pele oleosa,8100,26,Informational,"Image Pack, Site Links, Video Carousel, People Also Ask, Related Searches, AI Overview, Reviews, Video, Popular Products, Short Videos",protetor solar,Adjacente-creme,camiseta UV / lycra (ponte: roupa complementa o creme),não
protetor solar facial com cor,8100,28,"Informational, Commercial","People Also Ask, Popular Products, Related Searches, Short Videos, AI Overview, Image Pack, Site Links, Video",protetor solar,?,,não
ioga,8100,45,Informational,"People Also Ask, AI Overview, Image Pack, Site Links, Reviews, Video, Related Searches, Short Videos, Video Carousel",yoga,?,,não
benefícios do pilates,6600,21,Informational,"Short Videos, AI Overview, Image Pack, Video, Video Carousel, People Also Ask, Related Searches",pilates,Benefícios,IOGA / FITNESS (top e legging),não
hidroterapia,5400,29,Commercial,"Video, Video Carousel, People Also Ask, Related Searches, AI Overview, Local Pack",natação piscina,Adjacente,maiô / camiseta UV / sunga,não
pilates solo,4400,14,Informational,"Video Carousel, People Also Ask, Related Searches, Short Videos, AI Overview, Image Pack, Video",pilates,Prática,IOGA / FITNESS (top e legging),não
nado crawl,4400,18,Informational,"Video, Video Carousel, People Also Ask, Related Searches, Short Videos, AI Overview, Image Pack, Reviews",natação piscina,Prática,maiô / camiseta UV / sunga,não
protetor solar em spray,4400,25,Informational,"Image Pack, Site Links, Video, People Also Ask, Popular Products, Related Searches, Short Videos, AI Overview",protetor solar,Adjacente-creme,camiseta UV / lycra (ponte: roupa complementa o creme),não
hatha yoga,4400,29,Informational,"Short Videos, AI Overview, Knowledge Panel, Reviews, Video, Video Carousel, People Also Ask, Related Searches",yoga,Prática,IOGA / FITNESS (top e legging),não
maiô para natação,3600,22,Commercial,"Site Links, Video, People Also Ask, Popular Products, Related Searches, Short Videos, Image Pack",natação piscina,Equipamento,maiô / camiseta UV / sunga,não
alergia ao sol,3600,24,Informational,"Video Carousel, People Also Ask, Related Searches, AI Overview, Image Pack, Video",pele e saúde,Saúde,camiseta UV / lycra (autoridade em fotoproteção),não
protetor solar facial pele oleosa,3600,28,Informational,"Site Links, Video, Popular Products, Related Searches, Reviews, Video Carousel, People Also Ask, AI Overview, Image Pack",protetor solar,?,,não
melhor protetor solar,3600,31,Commercial,"Image Pack, Video Carousel, Related Searches, AI Overview, Site Links, Reviews, Video, People Also Ask, Popular Products",protetor solar,Adjacente-creme,camiseta UV / lycra (ponte: roupa complementa o creme),não
skimboard,2900,17,Informational,"Reviews, Video, Video Carousel, People Also Ask, Related Searches, Short Videos, AI Overview, Image Pack",surf,Adjacente,lycra surf / camiseta UV / neoprene,não
sintomas insolação,2900,27,Informational,"Image Pack, Video, People Also Ask, Related Searches, AI Overview",pele e saúde,?,,não
surf trip,2900,34,Navigational,"Reviews, Video, Related Searches, Knowledge Panel, Site Links",surf,Descoberta,lycra surf / camiseta UV / neoprene,não
calistenia para iniciantes,2900,35,Informational,"Image Pack, Reviews, Video, Video Carousel, People Also Ask, Related Searches, Short Videos, AI Overview",treino funcional,Adjacente,IOGA / FITNESS,não
posições de yoga,2400,21,Informational,"Short Videos, AI Overview, Video, People Also Ask, Related Searches, Image Pack, Reviews, Image, Video Carousel",yoga,Prática,IOGA / FITNESS (top e legging),não
protetor solar fps 50,2400,21,Informational,"Image Pack, Site Links, Reviews, Video Carousel, Popular Products, AI Overview, Video, People Also Ask, Related Searches",protetor solar,Adjacente-creme,camiseta UV / lycra (ponte: roupa complementa o creme),não
protetor solar facial para pele oleosa,2400,24,Informational,"Image Pack, Site Links, Reviews, Related Searches, Short Videos, AI Overview, Video, Video Carousel, People Also Ask, Popular Products",protetor solar,?,,não
natação emagrece,2400,28,Informational,"Video Carousel, People Also Ask, Related Searches, AI Overview, Image Pack, Reviews, Video",natação piscina,Benefícios,maiô / camiseta UV / sunga,não
nado peito,2400,32,"Informational, Transactional","Knowledge Panel, Reviews, Video, People Also Ask, Related Searches, Short Videos",natação piscina,Prática,maiô / camiseta UV / sunga,não
polo aquático,2400,35,Informational,"Video Carousel, People Also Ask, Related Searches, AI Overview, Knowledge Panel, Image Pack, Video",natação piscina,Adjacente,maiô / camiseta UV / sunga,não
ashtanga yoga,1900,19,Informational,"People Also Ask, Related Searches, Knowledge Panel, Local Pack, Site Links, Reviews, Video, Video Carousel",yoga,Prática,IOGA / FITNESS (top e legging),não
vinyasa yoga,1900,20,Informational,"Related Searches, Short Videos, AI Overview, Knowledge Panel, Reviews, Video, Video Carousel, People Also Ask",yoga,Prática,IOGA / FITNESS (top e legging),não
o que é fps,1900,23,Informational,"Site Links, Video, Video Carousel, People Also Ask, Related Searches, Short Videos, AI Overview",proteção solar,Fundamento,camiseta UV / lycra (proposta de valor da marca),não
melhor protetor solar facial,1600,19,Commercial,"Video, Video Carousel, People Also Ask, Popular Products, Related Searches, AI Overview, Site Links",protetor solar,?,,não
aquathlon,1600,21,Informational,"Video, Video Carousel, People Also Ask, Related Searches, AI Overview, Reviews",natação mar,Adjacente,maiô / neoprene,não
protetor solar facial bastao,1600,21,"Informational, Transactional","Site Links, Video, Image, Video Carousel, People Also Ask, Popular Products, Related Searches, Image Pack",protetor solar,?,,não
principia protetor solar facial,1600,30,"Informational, Transactional","Image Pack, Site Links, Video, Video Carousel, People Also Ask, Popular Products, Related Searches, Short Videos",protetor solar,?,,não
longboard surf,1300,7,Commercial,"Popular Products, Related Searches, Site Links, Reviews, Video, Video Carousel, People Also Ask",surf,Adjacente,lycra surf / camiseta UV / neoprene,não
tipos de yoga,1300,14,Informational,"People Also Ask, Related Searches, AI Overview, Reviews, Video, Video Carousel",yoga,Prática,IOGA / FITNESS (top e legging),não
roupa de pilates,1300,19,Commercial,"Related Searches, Image Pack, Site Links, Video, Image, People Also Ask, Popular Products",pilates,Equipamento,IOGA / FITNESS (top e legging),não
saudação ao sol,1300,21,Informational,"Video, Video Carousel, People Also Ask, Related Searches, Short Videos, AI Overview, Image Pack",yoga,Prática,IOGA / FITNESS (top e legging),não
sintomas insolação leve,1300,23,Informational,"Image Pack, Video, Video Carousel, People Also Ask, Related Searches, AI Overview",pele e saúde,?,,não
circuito funcional,1300,24,Informational,"Video Carousel, People Also Ask, Related Searches, Short Videos, AI Overview, Video",treino funcional,Prática,IOGA / FITNESS,não
como aprender a nadar,1300,29,Informational,"People Also Ask, Related Searches, Short Videos, AI Overview, Video",natação piscina,Iniciante,maiô / camiseta UV / sunga,não
yoga para iniciantes,1300,31,Informational,"Image Pack, Reviews, Video, Video Carousel, People Also Ask, Related Searches",yoga,Iniciante,IOGA / FITNESS (top e legging),não
look de praia,1300,32,Informational,"AI Overview, Site Links, Video, Image, Video Carousel, People Also Ask, Related Searches, Image Pack, Popular Products, Short Videos",moda de verão,Look,saída de praia / vestido / biquíni / maiô,não
treino funcional em casa,1300,40,"Informational, Transactional","Image Pack, Video, Video Carousel, People Also Ask, Related Searches, Short Videos",treino funcional,Prática,IOGA / FITNESS,não
prancha de wakeboard,1000,5,Commercial,"Site Links, Video, Popular Products, Related Searches, Image Pack",wakeboard,Equipamento,lycra surf / neoprene,não
quadra de futevôlei,1000,8,Informational,"Image Pack, Reviews, Video, Video Carousel, People Also Ask, Related Searches, AI Overview",futevôlei,Local,sunga / bermuda / lycra,não
tipos de nado,1000,15,Informational,"Reviews, Video, Image, Video Carousel, People Also Ask, Related Searches, AI Overview",natação piscina,Prática,maiô / camiseta UV / sunga,não
bola de vôlei de praia,1000,21,Commercial,"Popular Products, Related Searches, Short Videos, Image Pack, Site Links, Reviews, Video, Image, People Also Ask",vôlei de praia,Equipamento,biquíni / top / sunga,não
sintomas da insolação,1000,25,Informational,"Video, Video Carousel, People Also Ask, Related Searches, AI Overview",pele e saúde,?,,não
academia de natação,1000,45,Commercial,"Image, People Also Ask, Related Searches, Local Pack, Image Pack, Reviews, Video",natação piscina,Local,maiô / camiseta UV / sunga,não
estúdio de pilates,880,19,Informational,"Related Searches, Local Pack, Image Pack, Reviews, People Also Ask",pilates,Local,IOGA / FITNESS (top e legging),não
aula de futevôlei,880,21,Commercial,"Local Pack, Reviews, Video, Video Carousel, People Also Ask, Related Searches",futevôlei,Local,sunga / bermuda / lycra,não
manchas de sol na pele,880,22,Informational,"Image Pack, Video, Featured Snippet, Image, Video Carousel, People Also Ask, Related Searches",pele e saúde,Saúde,camiseta UV / lycra (autoridade em fotoproteção),não
sintomas de insolação leve,880,22,Informational,"Image Pack, Video, Video Carousel, People Also Ask, Related Searches, AI Overview",pele e saúde,?,,não
regras do futevôlei,880,29,Informational,"AI Overview, Image Pack, Reviews, Video, Video Carousel, Related Searches",futevôlei,Iniciante,sunga / bermuda / lycra,não
benefícios da natação,880,35,Informational,"People Also Ask, Related Searches, AI Overview, Image Pack, Reviews, Video, Video Carousel",natação piscina,Benefícios,maiô / camiseta UV / sunga,não
treino hiit em casa,880,35,Informational,"Related Searches, Image Pack, Video, People Also Ask",treino funcional,Adjacente,IOGA / FITNESS,não
natação para bebês,720,10,Informational,"People Also Ask, Related Searches, Short Videos, AI Overview, Video, Video Carousel",natação piscina,Benefícios,maiô / camiseta UV / sunga,não
roupa de yoga,720,13,Commercial,"Video, Image, People Also Ask, Popular Products, Related Searches, Image Pack, Site Links",yoga,Equipamento,IOGA / FITNESS (top e legging),não
o que levar para a praia,720,14,Informational,"Image Pack, Video, Image, Video Carousel, People Also Ask, Related Searches, Short Videos, AI Overview",dia de praia,Estação,saída de praia / poncho / maiô / biquíni,não
aula de surf,720,19,Informational,"Video Carousel, People Also Ask, Related Searches, Short Videos, AI Overview, Reviews, Video, Image",surf,Iniciante,lycra surf / camiseta UV / neoprene,não
queimadura de sol o que fazer,720,20,Informational,"Video Carousel, People Also Ask, Related Searches, AI Overview, Image Pack, Site Links, Video",pele e saúde,Saúde,camiseta UV / lycra (autoridade em fotoproteção),não
yoga restaurativa,720,23,Informational,"Video, Video Carousel, People Also Ask, Related Searches, Short Videos, AI Overview",yoga,Prática,IOGA / FITNESS (top e legging),não
sintomas de insolação quanto tempo dura,720,23,Informational,"Related Searches, Video, Featured Snippet, People Also Ask",pele e saúde,?,,não
escola de surf,720,28,Commercial,"Image, People Also Ask, Related Searches, Local Pack, Video",surf,Local,lycra surf / camiseta UV / neoprene,não
nado costas,720,30,Informational,"Video, People Also Ask, Related Searches, Short Videos, AI Overview, Knowledge Panel",natação piscina,Prática,maiô / camiseta UV / sunga,não
treino funcional emagrece,720,37,Informational,"AI Overview, Image Pack, Video, Video Carousel, People Also Ask, Related Searches",treino funcional,Benefícios,IOGA / FITNESS,não
benefícios do yoga,720,38,Informational,"People Also Ask, Related Searches, AI Overview, Image Pack, Video, Video Carousel",yoga,Benefícios,IOGA / FITNESS (top e legging),não
tipos de pilates,590,10,Informational,"Video, Image, Video Carousel, People Also Ask, Related Searches, AI Overview, Image Pack, Reviews",pilates,Prática,IOGA / FITNESS (top e legging),não
academia de pilates perto de mim,590,11,Transactional,"Local Pack, Video, People Also Ask, Related Searches",pilates,Local,IOGA / FITNESS (top e legging),não
como tratar queimadura de sol,590,20,Informational,"Site Links, Video, Image, Video Carousel, People Also Ask, Related Searches, AI Overview, Image Pack",pele e saúde,Saúde,camiseta UV / lycra (autoridade em fotoproteção),não
touca e óculos de natação,590,20,Commercial,"Video, Video Carousel, Popular Products, Related Searches, Image Pack, Site Links",natação piscina,Equipamento,maiô / camiseta UV / sunga,não
aula de yoga perto de mim,590,27,Transactional,"Related Searches, Local Pack, Reviews, Video, People Also Ask",yoga,Local,IOGA / FITNESS (top e legging),não
altinha na praia,590,29,Informational,"Image Pack, Video, Image, People Also Ask, Related Searches, Short Videos, AI Overview",vôlei de praia,Adjacente,biquíni / top / sunga,não
exercícios de pilates em casa,590,34,"Informational, Transactional","Short Videos, Image Pack, Video, People Also Ask, Related Searches",pilates,Prática,IOGA / FITNESS (top e legging),não
wake park,590,42,Commercial,"Related Searches, Local Pack, Image Pack, Video, People Also Ask",wakeboard,Descoberta,lycra surf / neoprene,não
prancha de stand up paddle,480,5,Commercial,"People Also Ask, Popular Products, Related Searches, Image Pack, Site Links, Video",stand up paddle,Equipamento,lycra surf / camiseta UV,não
aula de natação para adultos,480,7,Commercial,"Video, Video Carousel, People Also Ask, Related Searches, Local Pack",natação piscina,Iniciante,maiô / camiseta UV / sunga,não
sintomas de insolação como tratar,480,18,Informational,"Related Searches, AI Overview, Video, Video Carousel, People Also Ask",pele e saúde,?,,não
melhor horário para tomar sol,480,19,Commercial,"Video, People Also Ask, Related Searches, Short Videos, AI Overview, Reviews",proteção solar,Comportamento,camiseta UV / lycra (proposta de valor da marca),não
camiseta com proteção solar,480,20,Informational,"People Also Ask, Popular Products, Related Searches, Image Pack, Site Links, Video, Video Carousel",proteção solar,Comercial,camiseta UV / lycra (proposta de valor da marca),não
yoga para emagrecer,480,21,"Informational, Transactional","Image Pack, Reviews, Video, Video Carousel, People Also Ask, Related Searches",yoga,Benefícios,IOGA / FITNESS (top e legging),não
quais os sintomas de insolação,480,23,Informational,"People Also Ask, Related Searches, AI Overview, Video, Video Carousel",pele e saúde,?,,não
canoagem slalom,480,27,Informational,"Knowledge Panel, Video, Video Carousel, People Also Ask, Related Searches, AI Overview",canoagem,Prática,camiseta UV / lycra,não
esportes de praia,390,13,Informational,"AI Overview, Site Links, Video, Image, People Also Ask, Related Searches, Short Videos",verão e praia,Comportamento,camiseta UV / lycra (fio condutor: proteção solar),não
sintomas de insolação em criança,390,16,Informational,"Image Pack, Video, Image, Video Carousel, People Also Ask, Related Searches, AI Overview",pele e saúde,?,,não
quais são os sintomas de insolação,390,19,Informational,"Video, Video Carousel, People Also Ask, Related Searches, AI Overview",pele e saúde,?,,não
pilates na gravidez,390,21,Informational,"AI Overview, Image Pack, Site Links, Video, Image, Video Carousel, People Also Ask, Related Searches",pilates,Benefícios,IOGA / FITNESS (top e legging),não
regras do vôlei de praia,390,21,Informational,"Video, Video Carousel, People Also Ask, Related Searches, AI Overview, Site Links, Reviews",vôlei de praia,Iniciante,biquíni / top / sunga,não
sintomas de insolação em crianças,390,22,Informational,"Related Searches, Video, Featured Snippet, Video Carousel, People Also Ask",pele e saúde,?,,não
sintoma de insolação,390,23,Informational,"People Also Ask, Related Searches, AI Overview, Video, Video Carousel",pele e saúde,?,,não
pilates para iniciantes,390,31,Informational,"Image Pack, Video, People Also Ask, Related Searches, Short Videos",pilates,Iniciante,IOGA / FITNESS (top e legging),não
maratona aquática,390,32,"Informational, Navigational","Reviews, Video, Video Carousel, People Also Ask, Related Searches, See Results About, AI Overview, Site Links",natação mar,Descoberta,maiô / neoprene,não
power yoga,390,33,Informational,"Image Pack, Video, Video Carousel, People Also Ask, Short Videos, AI Overview, Knowledge Panel",yoga,Prática,IOGA / FITNESS (top e legging),não
wakesurf,320,11,"Informational, Transactional","Site Links, Video, Popular Products, Related Searches, Short Videos, Knowledge Panel, Image, Video Carousel, People Also Ask",wakeboard,Adjacente,lycra surf / neoprene,não
meditação para iniciantes,320,15,Informational,"Image Pack, Reviews, Video, Video Carousel, People Also Ask, Related Searches, Short Videos",yoga,Adjacente,IOGA / FITNESS (top e legging),não
hot ioga,320,46,Informational,"AI Overview, Knowledge Panel, Local Pack, Video, Video Carousel, People Also Ask, Related Searches, Short Videos",yoga,?,,não
surf feminino,260,19,Commercial,"People Also Ask, AI Overview, Knowledge Panel, Site Links, Reviews, Video, Image, Video Carousel",surf,Benefícios,lycra surf / camiseta UV / neoprene,não
quais os sintomas da insolação,260,25,Informational,"Related Searches, AI Overview, Video, People Also Ask",pele e saúde,?,,não
sintomas de insolação em adulto,260,26,Informational,"Video Carousel, People Also Ask, Related Searches, AI Overview, Site Links, Video",pele e saúde,?,,não
yoga para dormir,260,31,Informational,"Image Pack, Video, People Also Ask, Related Searches, AI Overview",yoga,Benefícios,IOGA / FITNESS (top e legging),não
tecido com proteção uv,210,7,Informational,"Video Carousel, AI Overview, Site Links, Video, Image, People Also Ask, Popular Products, Related Searches, Reviews",proteção solar,Comercial,camiseta UV / lycra (proposta de valor da marca),não
roupa com proteção solar,210,13,Informational,"Short Videos, Site Links, Video, People Also Ask, Related Searches",proteção solar,Comercial,camiseta UV / lycra (proposta de valor da marca),sim
como se refrescar no calor,210,14,Informational,"Image Pack, Video, Video Carousel, People Also Ask, Related Searches, AI Overview",verão,Estação,saída de praia / poncho / maiô / biquíni,não
quais sintomas de insolação,210,15,Informational,"Video, Video Carousel, People Also Ask, AI Overview",pele e saúde,?,,não
quais são os sintomas da insolação,210,16,Informational,"Video Carousel, People Also Ask, Related Searches, AI Overview, Image Pack, Video",pele e saúde,?,,não
va'a,210,21,Informational,"People Also Ask, Related Searches, Short Videos, AI Overview, Video, Image, Video Carousel",canoa havaiana,Descoberta,camiseta UV / lycra,não
fundamentos do futevôlei,210,22,Informational,"Image Pack, Video, Video Carousel, People Also Ask, Related Searches, AI Overview",futevôlei,Prática,sunga / bermuda / lycra,não
natação no mar,210,30,Commercial,"Video Carousel, People Also Ask, Related Searches, Short Videos, Video, Featured Snippet",natação piscina,?,,não
o que é radiação ultravioleta,210,39,Informational,"Video Carousel, People Also Ask, Related Searches, Short Videos, AI Overview, Video",proteção solar,Fundamento,camiseta UV / lycra (proposta de valor da marca),não
pilates de aparelho,170,9,"Informational, Transactional","Video Carousel, People Also Ask, Related Searches, Short Videos, Image Pack, Site Links, Video",pilates,Prática,IOGA / FITNESS (top e legging),não
retiro de yoga,170,9,Informational,"Local Pack, Reviews, Video, Video Carousel, People Also Ask, Related Searches, AI Overview",yoga,Descoberta,IOGA / FITNESS (top e legging),não
pilates clássico,170,11,Informational,"People Also Ask, Related Searches, AI Overview, Local Pack, Image Pack, Video, Video Carousel",pilates,Prática,IOGA / FITNESS (top e legging),não
roupa com proteção uv,170,15,Informational,"Video, People Also Ask, Popular Products, Related Searches, AI Overview, Site Links",proteção solar,Comercial,camiseta UV / lycra (proposta de valor da marca),sim
yoga para ansiedade,170,16,Informational,"Video, Video Carousel, People Also Ask, Related Searches, AI Overview, Image Pack",yoga,Benefícios,IOGA / FITNESS (top e legging),não
o que fazer na praia,170,19,Informational,"Video, Video Carousel, People Also Ask, Short Videos, AI Overview",verão e praia,Comportamento,camiseta UV / lycra (fio condutor: proteção solar),não
remo de canoa havaiana,170,22,Commercial,"Adwords Top, People Also Ask, Popular Products, Related Searches, Adwords Middle, Image Pack, Site Links, Video",canoa havaiana,Equipamento,camiseta UV / lycra,não
natação para adultos perto de mim,170,24,Transactional,"Local Pack, Reviews, Video, People Also Ask, Related Searches",natação piscina,Local,maiô / camiseta UV / sunga,não
torneio de futevôlei,170,31,Informational,"People Also Ask, Related Searches, Image Pack, Video, Video Carousel",futevôlei,Descoberta,sunga / bermuda / lycra,não
treino funcional para iniciantes,170,31,Informational,"People Also Ask, Related Searches, AI Overview, Image Pack, Reviews, Video, Video Carousel",treino funcional,Iniciante,IOGA / FITNESS,não
estúdio de yoga,170,33,Commercial,"Video, Image, People Also Ask, Related Searches, Local Pack, Image Pack",yoga,Local,IOGA / FITNESS (top e legging),não
benefícios do treino funcional,170,49,Informational,"Video, Video Carousel, People Also Ask, Related Searches, Short Videos, AI Overview",treino funcional,Benefícios,IOGA / FITNESS,não
pilates para dor nas costas,140,9,Informational,"Image, Video Carousel, People Also Ask, Related Searches, AI Overview, Image Pack, Video",pilates,Benefícios,IOGA / FITNESS (top e legging),não
como se proteger do sol,140,10,Informational,"Short Videos, AI Overview, Image Pack, Video, Video Carousel, People Also Ask, Related Searches",proteção solar,Comportamento,camiseta UV / lycra (proposta de valor da marca),não
natação para iniciantes,140,10,"Informational, Transactional","Video Carousel, People Also Ask, Related Searches, Short Videos, Video",natação piscina,Iniciante,maiô / camiseta UV / sunga,não
manobras de surf,140,12,Informational,"People Also Ask, Related Searches, AI Overview, Image Pack, Video, Video Carousel",surf,Prática,lycra surf / camiseta UV / neoprene,não
kite foil,140,19,Informational,"Site Links, Video, Video Carousel, People Also Ask, Popular Products, Related Searches, AI Overview, Image Pack",kitesurf,Adjacente,lycra surf / neoprene,não
yoga na gravidez,140,21,Informational,"AI Overview, Site Links, Video, Video Carousel, People Also Ask, Related Searches",yoga,Benefícios,IOGA / FITNESS (top e legging),não
quadra de vôlei de praia,140,25,Informational,"Site Links, Reviews, Video, Image, People Also Ask, Related Searches, AI Overview, Image Pack",vôlei de praia,Local,biquíni / top / sunga,não
treino funcional na praia,140,25,Informational,"AI Overview, Image Pack, Reviews, Video, Video Carousel, People Also Ask, Related Searches, Short Videos",treino funcional,Prática,IOGA / FITNESS,não
equipamento de kitesurf,110,6,Commercial,"People Also Ask, Popular Products, Related Searches, Image Pack, Site Links, Video, Video Carousel",kitesurf,Equipamento,lycra surf / neoprene,não
natação para idosos,110,10,Informational,"Reviews, Video, Video Carousel, People Also Ask, Related Searches, AI Overview",natação piscina,Benefícios,maiô / camiseta UV / sunga,não
cuidados com a pele no verão,110,14,Informational,"Related Searches, Short Videos, AI Overview, Video, Video Carousel, People Also Ask",verão,Estação,saída de praia / poncho / maiô / biquíni,não
yoga para gravidas,110,16,Informational,"AI Overview, Image Pack, Video, Image, Video Carousel, People Also Ask, Related Searches",yoga,?,,não
fundamentos do vôlei de praia,110,20,Informational,"Related Searches, Short Videos, AI Overview, Image Pack, Video, Video Carousel, People Also Ask",vôlei de praia,Prática,biquíni / top / sunga,não
yoga para dor nas costas,110,20,Informational,"Image, Video Carousel, People Also Ask, Related Searches, AI Overview, Image Pack, Video",yoga,Benefícios,IOGA / FITNESS (top e legging),não
surf de peito,110,24,"Informational, Transactional","Short Videos, Knowledge Panel, Image Pack, Video, Image, Video Carousel, People Also Ask, Related Searches",surf,Prática,lycra surf / camiseta UV / neoprene,não
rpg exercícios,110,25,Informational,"Related Searches, Short Videos, AI Overview, Image Pack, Video, Image, People Also Ask",pilates,Adjacente,IOGA / FITNESS (top e legging),não
o que levar na bolsa de praia,90,7,Informational,"Video Carousel, People Also Ask, AI Overview, Video, Image",dia de praia,Estação,saída de praia / poncho / maiô / biquíni,não
roupa de praia para bebê,90,7,Commercial,"Knowledge Panel, Image Pack, Site Links, People Also Ask, Popular Products, Video, Image, Video Carousel, Related Searches, Short Videos",proteção infantil,Família,camiseta UV infantil / maiô infantil,não
melhores praias para surfar no brasil,90,11,Commercial,"Image, Video Carousel, People Also Ask, Related Searches, AI Overview, Site Links, Video",surf,Descoberta,lycra surf / camiseta UV / neoprene,não
como passar protetor solar,90,20,Informational,"Video Carousel, People Also Ask, Related Searches, Short Videos, AI Overview, Site Links, Reviews, Video",protetor solar,Adjacente-creme,camiseta UV / lycra (ponte: roupa complementa o creme),não
o que é upf,90,21,Informational,"People Also Ask, Related Searches, AI Overview, Video",proteção solar,Fundamento,camiseta UV / lycra (proposta de valor da marca),não
stand up paddle inflável,90,21,Commercial,"Site Links, Reviews, Video, Video Carousel, People Also Ask, Popular Products, Related Searches, Image Pack",stand up paddle,Equipamento,lycra surf / camiseta UV,não
crossfit para iniciantes,90,22,Informational,"Video Carousel, People Also Ask, Related Searches, AI Overview, Image Pack, Video",treino funcional,Adjacente,IOGA / FITNESS,não
canoagem velocidade,90,38,Informational,"AI Overview, Knowledge Panel, Site Links, Video, Video Carousel, People Also Ask, Related Searches",canoagem,Prática,camiseta UV / lycra,não
beach tennis para iniciantes,70,0,,,vôlei de praia,Adjacente,biquíni / top / sunga,não
benefícios do futevôlei,70,0,,,futevôlei,Benefícios,sunga / bermuda / lycra,não
benefícios do surf,70,0,,,surf,Benefícios,lycra surf / camiseta UV / neoprene,não
boia de segurança para natação,70,0,,,natação mar,Equipamento,maiô / neoprene,não
caiaque oceânico,70,0,,,canoagem,Adjacente,camiseta UV / lycra,não
canoagem oceânica,70,0,,,canoagem,Prática,camiseta UV / lycra,não
colete para wakeboard,70,0,,,wakeboard,Equipamento,lycra surf / neoprene,não
como usar saída de praia,70,0,,,moda de verão,Look,saída de praia / vestido / biquíni / maiô,não
cuidados com o cabelo no verão,70,0,,,verão,Estação,saída de praia / poncho / maiô / biquíni,não
cuidados no verão,70,0,,,verão,Estação,saída de praia / poncho / maiô / biquíni,não
diferença entre uva e uvb,70,0,,,proteção solar,Fundamento,camiseta UV / lycra (proposta de valor da marca),não
escolinha de futevôlei,70,0,,,futevôlei,Local,sunga / bermuda / lycra,não
futevôlei emagrece,70,0,,,futevôlei,Benefícios,sunga / bermuda / lycra,não
kitesurf em jericoacoara,70,0,,,kitesurf,Descoberta,lycra surf / neoprene,não
leash de surf,70,0,,,surf,Equipamento,lycra surf / camiseta UV / neoprene,não
o que é fotoproteção,70,0,,,proteção solar,Fundamento,camiseta UV / lycra (proposta de valor da marca),não
o que é índice uv,70,0,,,proteção solar,Fundamento,camiseta UV / lycra (proposta de valor da marca),não
respiração na natação,70,0,,,natação piscina,Prática,maiô / camiseta UV / sunga,não
roupa com proteção uv infantil,70,0,,,proteção infantil,Família,camiseta UV infantil / maiô infantil,não
roupa para nadar no mar,70,0,,,natação mar,Equipamento,maiô / neoprene,não
shark attack futevôlei,70,0,,,futevôlei,Prática,sunga / bermuda / lycra,não
stand up paddle race,70,0,,,stand up paddle,Prática,lycra surf / camiseta UV,não
sup yoga,70,0,,,stand up paddle,Prática,lycra surf / camiseta UV,não
treino de futevôlei,70,0,,,futevôlei,Prática,sunga / bermuda / lycra,não
triathlon para iniciantes,70,0,,,natação mar,Adjacente,maiô / neoprene,não
academia de yoga,50,0,,,yoga,Local,IOGA / FITNESS (top e legging),não
protetor solar resistente à água,50,0,,,protetor solar,Adjacente-creme,camiseta UV / lycra (ponte: roupa complementa o creme),não
tipos de canoagem,50,0,,,canoagem,Prática,camiseta UV / lycra,não
tipos de treino funcional,50,0,,,treino funcional,Prática,IOGA / FITNESS,não
yoga em casa para iniciantes,50,0,,,yoga,Iniciante,IOGA / FITNESS (top e legging),não
yoga para flexibilidade,50,0,,,yoga,Prática,IOGA / FITNESS (top e legging),não
colete para canoagem,40,0,,,canoagem,Equipamento,camiseta UV / lycra,não
dicas para o verão,40,0,,,verão,Estação,saída de praia / poncho / maiô / biquíni,não
hidratação no verão,40,0,,,verão,Estação,saída de praia / poncho / maiô / biquíni,não
legging com proteção uv,40,0,,,proteção solar,Comercial,camiseta UV / lycra (proposta de valor da marca),não
o que vestir na praia,40,0,,,moda de verão,Look,saída de praia / vestido / biquíni / maiô,não
parafina de surf,40,0,,,surf,Equipamento,lycra surf / camiseta UV / neoprene,não
pilates para postura,40,0,,,pilates,Benefícios,IOGA / FITNESS (top e legging),não
praia ou piscina,40,0,,,dia de praia,Estação,saída de praia / poncho / maiô / biquíni,não
alimentação no verão,30,0,,,verão,Estação,saída de praia / poncho / maiô / biquíni,não
benefícios do stand up paddle,30,0,,,stand up paddle,Benefícios,lycra surf / camiseta UV,não
circuito de vôlei de praia,30,0,,,vôlei de praia,Descoberta,biquíni / top / sunga,não
como andar de longboard,30,0,,,surf,Adjacente,lycra surf / camiseta UV / neoprene,não
como proteger o rosto do sol,30,0,,,proteção solar,Comportamento,camiseta UV / lycra (proposta de valor da marca),não
como se proteger do sol no dia a dia,30,0,,,proteção solar,Comportamento,camiseta UV / lycra (proposta de valor da marca),não
esportes aquáticos radicais,30,0,,,verão e praia,Comportamento,camiseta UV / lycra (fio condutor: proteção solar),não
fps 30 ou 50,30,0,,,proteção solar,Fundamento,camiseta UV / lycra (proposta de valor da marca),não
kitesurf é perigoso,30,0,,,kitesurf,Iniciante,lycra surf / neoprene,não
o que é fpu,30,0,,,proteção solar,Fundamento,camiseta UV / lycra (proposta de valor da marca),não
pele sensível ao sol,30,0,,,pele e saúde,Saúde,camiseta UV / lycra (autoridade em fotoproteção),não
quanto tempo pode ficar no sol,30,0,,,proteção solar,Comportamento,camiseta UV / lycra (proposta de valor da marca),não
surf para iniciantes,30,0,,,surf,Iniciante,lycra surf / camiseta UV / neoprene,não
academia de treino funcional,20,0,,,treino funcional,Local,IOGA / FITNESS,não
alongamento diário,20,0,,,yoga,Adjacente,IOGA / FITNESS (top e legging),não
aula de funcional ao ar livre,20,0,,,treino funcional,Local,IOGA / FITNESS,não
bebê pode tomar sol,20,0,,,proteção infantil,Família,camiseta UV infantil / maiô infantil,não
benefícios da canoa havaiana,20,0,,,canoa havaiana,Benefícios,camiseta UV / lycra,não
bodyboard para iniciantes,20,0,,,surf,Adjacente,lycra surf / camiseta UV / neoprene,não
cable park brasil,20,0,,,wakeboard,Descoberta,lycra surf / neoprene,não
caiaque para iniciantes,20,0,,,stand up paddle,Adjacente,lycra surf / camiseta UV,não
canoa havaiana no brasil,20,0,,,canoa havaiana,Descoberta,camiseta UV / lycra,não
canoagem em corredeiras,20,0,,,canoagem,Descoberta,camiseta UV / lycra,não
checklist de praia,20,0,,,dia de praia,Estação,saída de praia / poncho / maiô / biquíni,não
clube de canoa havaiana,20,0,,,canoa havaiana,Local,camiseta UV / lycra,não
como andar de stand up paddle,20,0,,,stand up paddle,Iniciante,lycra surf / camiseta UV,não
como começar a fazer yoga,20,0,,,yoga,Iniciante,IOGA / FITNESS (top e legging),não
como começar a surfar,20,0,,,surf,Iniciante,lycra surf / camiseta UV / neoprene,não
como pegar onda,20,0,,,surf,Iniciante,lycra surf / camiseta UV / neoprene,não
como proteger os olhos do sol,20,0,,,proteção solar,Comportamento,camiseta UV / lycra (proposta de valor da marca),não
como remar no surf,20,0,,,surf,Prática,lycra surf / camiseta UV / neoprene,não
como se proteger do sol na praia,20,0,,,proteção solar,Comportamento,camiseta UV / lycra (proposta de valor da marca),não
criança pode usar protetor solar,20,0,,,proteção infantil,Família,camiseta UV infantil / maiô infantil,não
curso de kitesurf,20,0,,,kitesurf,Iniciante,lycra surf / neoprene,não
dicas para nadar no mar,20,0,,,natação mar,Prática,maiô / neoprene,não
envelhecimento da pele pelo sol,20,0,,,pele e saúde,Saúde,camiseta UV / lycra (autoridade em fotoproteção),não
equipamento de canoagem,20,0,,,canoagem,Equipamento,camiseta UV / lycra,não
fisioterapia pilates,20,0,,,pilates,Adjacente,IOGA / FITNESS (top e legging),não
futevôlei no rio de janeiro,20,0,,,futevôlei,Descoberta,sunga / bermuda / lycra,não
futevôlei para iniciantes,20,0,,,futevôlei,Iniciante,sunga / bermuda / lycra,não
hidroginástica para iniciantes,20,0,,,natação piscina,Adjacente,maiô / camiseta UV / sunga,não
kitesurf no ceará,20,0,,,kitesurf,Descoberta,lycra surf / neoprene,não
kitesurf para iniciantes,20,0,,,kitesurf,Iniciante,lycra surf / neoprene,não
kitesurf strapless,20,0,,,kitesurf,Prática,lycra surf / neoprene,não
look praia dia,20,0,,,moda de verão,Look,saída de praia / vestido / biquíni / maiô,não
manobras de kitesurf,20,0,,,kitesurf,Prática,lycra surf / neoprene,não
manobras de wakeboard,20,0,,,wakeboard,Prática,lycra surf / neoprene,não
mat de pilates,20,0,,,pilates,Equipamento,IOGA / FITNESS (top e legging),não
melasma e sol,20,0,,,pele e saúde,Saúde,camiseta UV / lycra (autoridade em fotoproteção),não
o que levar para natação,20,0,,,natação piscina,Equipamento,maiô / camiseta UV / sunga,não
o que usar na natação,20,0,,,natação piscina,Equipamento,maiô / camiseta UV / sunga,não
o que é canoa havaiana,20,0,,,canoa havaiana,Descoberta,camiseta UV / lycra,não
passeio de stand up paddle,20,0,,,stand up paddle,Descoberta,lycra surf / camiseta UV,não
pilates vale a pena,20,0,,,pilates,Iniciante,IOGA / FITNESS (top e legging),não
posições na canoa havaiana,20,0,,,canoa havaiana,Prática,camiseta UV / lycra,não
prancha de surf para iniciante,20,0,,,surf,Equipamento,lycra surf / camiseta UV / neoprene,não
primeira aula de surf,20,0,,,surf,Iniciante,lycra surf / camiseta UV / neoprene,não
primeira aula de yoga,20,0,,,yoga,Iniciante,IOGA / FITNESS (top e legging),não
quando reaplicar protetor solar,20,0,,,protetor solar,Adjacente-creme,camiseta UV / lycra (ponte: roupa complementa o creme),não
quantas vezes por semana fazer yoga,20,0,,,yoga,Iniciante,IOGA / FITNESS (top e legging),não
remo de canoagem,20,0,,,canoagem,Equipamento,camiseta UV / lycra,não
remo de stand up paddle,20,0,,,stand up paddle,Equipamento,lycra surf / camiseta UV,não
roupa com fps,20,0,,,proteção solar,Comercial,camiseta UV / lycra (proposta de valor da marca),não
roupa para treino funcional,20,0,,,treino funcional,Equipamento,IOGA / FITNESS,não
stand up paddle emagrece,20,0,,,stand up paddle,Benefícios,lycra surf / camiseta UV,não
stand up paddle no mar,20,0,,,stand up paddle,Descoberta,lycra surf / camiseta UV,não
stand up paddle para iniciantes,20,0,,,stand up paddle,Iniciante,lycra surf / camiseta UV,não
sunga para futevôlei,20,0,,,futevôlei,Equipamento,sunga / bermuda / lycra,não
sup pesca,20,0,,,stand up paddle,Adjacente,lycra surf / camiseta UV,não
surf em fernando de noronha,20,0,,,surf,Descoberta,lycra surf / camiseta UV / neoprene,não
tipos de canoa havaiana,20,0,,,canoa havaiana,Prática,camiseta UV / lycra,não
tipos de kite,20,0,,,kitesurf,Prática,lycra surf / neoprene,não
tipos de stand up paddle,20,0,,,stand up paddle,Prática,lycra surf / camiseta UV,não
travessia a nado,20,0,,,natação mar,Descoberta,maiô / neoprene,não
técnica de remada canoa havaiana,20,0,,,canoa havaiana,Prática,camiseta UV / lycra,não
viagens de surf,20,0,,,surf,Descoberta,lycra surf / camiseta UV / neoprene,não
vôlei de praia para iniciantes,20,0,,,vôlei de praia,Iniciante,biquíni / top / sunga,não
wakeboard para iniciantes,20,0,,,wakeboard,Iniciante,lycra surf / neoprene,não
windsurf para iniciantes,20,0,,,kitesurf,Adjacente,lycra surf / neoprene,não
natação águas abertas,20,0,,,natação piscina,?,,não
canoa havaiana trabalha quais músculos,10,0,,,canoa havaiana,Benefícios,camiseta UV / lycra,não
como ficar de pé na prancha,10,0,,,surf,Prática,lycra surf / camiseta UV / neoprene,não
como prevenir câncer de pele,10,0,,,pele e saúde,Saúde,camiseta UV / lycra (autoridade em fotoproteção),não
fps qual o ideal,10,0,,,proteção solar,Fundamento,camiseta UV / lycra (proposta de valor da marca),não
o que fazer no verão,10,0,,,verão,Estação,saída de praia / poncho / maiô / biquíni,não
pele oleosa no verão,10,0,,,verão,Estação,saída de praia / poncho / maiô / biquíni,não
proteção solar no inverno,10,0,,,proteção solar,Comportamento,camiseta UV / lycra (proposta de valor da marca),não
torneio de vôlei de praia,10,0,,,vôlei de praia,Descoberta,biquíni / top / sunga,não
treino de vôlei de praia,10,0,,,vôlei de praia,Prática,biquíni / top / sunga,não
treino funcional sem equipamento,10,0,,,treino funcional,Prática,IOGA / FITNESS,não
a proteção uv da roupa sai na lavagem,0,0,,,proteção solar,Comercial,camiseta UV / lycra (proposta de valor da marca),não
atividades ao ar livre no verão,0,0,,,verão e praia,Comportamento,camiseta UV / lycra (fio condutor: proteção solar),não
biquíni para vôlei de praia,0,0,,,vôlei de praia,Equipamento,biquíni / top / sunga,não
cabelo na piscina cloro,0,0,,,verão,Estação,saída de praia / poncho / maiô / biquíni,não
cabelo no mar como cuidar,0,0,,,verão,Estação,saída de praia / poncho / maiô / biquíni,não
camiseta com proteção uv vale a pena,0,0,,,proteção solar esporte,Comportamento,camiseta UV / lycra (fio condutor: proteção solar),não
canoa havaiana para iniciantes,0,0,,,canoa havaiana,Iniciante,camiseta UV / lycra,não
canoagem para iniciantes,0,0,,,canoagem,Iniciante,camiseta UV / lycra,não
canoagem é difícil,0,0,,,canoagem,Iniciante,camiseta UV / lycra,não
circuito de futevôlei,0,0,,,futevôlei,Descoberta,sunga / bermuda / lycra,não
como começar a nadar no mar,0,0,,,natação mar,Iniciante,maiô / neoprene,não
como começar canoa havaiana,0,0,,,canoa havaiana,Iniciante,camiseta UV / lycra,não
como começar canoagem,0,0,,,canoagem,Iniciante,camiseta UV / lycra,não
como começar futevôlei,0,0,,,futevôlei,Iniciante,sunga / bermuda / lycra,não
como começar kitesurf,0,0,,,kitesurf,Iniciante,lycra surf / neoprene,não
como começar pilates,0,0,,,pilates,Iniciante,IOGA / FITNESS (top e legging),não
como começar stand up paddle,0,0,,,stand up paddle,Iniciante,lycra surf / camiseta UV,não
como começar treino funcional,0,0,,,treino funcional,Iniciante,IOGA / FITNESS,não
como começar vôlei de praia,0,0,,,vôlei de praia,Iniciante,biquíni / top / sunga,não
como começar wakeboard,0,0,,,wakeboard,Iniciante,lycra surf / neoprene,não
como empinar o kite,0,0,,,kitesurf,Prática,lycra surf / neoprene,não
como escolher biquíni para o corpo,0,0,,,moda de verão,Look,saída de praia / vestido / biquíni / maiô,não
como ficar de pé no wakeboard,0,0,,,wakeboard,Iniciante,lycra surf / neoprene,não
como funciona a roupa com proteção solar,0,0,,,proteção solar,Comercial,camiseta UV / lycra (proposta de valor da marca),não
como melhorar o nado,0,0,,,natação piscina,Prática,maiô / camiseta UV / sunga,não
como montar um dia de praia perfeito,0,0,,,dia de praia,Estação,saída de praia / poncho / maiô / biquíni,não
como nadar contra a corrente,0,0,,,natação mar,Prática,maiô / neoprene,não
como proteger o bebê do sol,0,0,,,proteção infantil,Família,camiseta UV infantil / maiô infantil,não
como remar no stand up paddle,0,0,,,stand up paddle,Prática,lycra surf / camiseta UV,não
como se proteger do sol no esporte,0,0,,,proteção solar esporte,Comportamento,camiseta UV / lycra (fio condutor: proteção solar),não
cores tendência verão,0,0,,,moda de verão,Look,saída de praia / vestido / biquíni / maiô,não
câncer de pele prevenção,0,0,,,pele e saúde,Saúde,camiseta UV / lycra (autoridade em fotoproteção),não
descida de rio de caiaque,0,0,,,canoagem,Descoberta,camiseta UV / lycra,não
destinos de kitesurf,0,0,,,kitesurf,Descoberta,lycra surf / neoprene,não
dia de praia com cachorro,0,0,,,dia de praia,Estação,saída de praia / poncho / maiô / biquíni,não
dia de praia dicas,0,0,,,dia de praia,Estação,saída de praia / poncho / maiô / biquíni,não
dicas para começar kitesurf,0,0,,,kitesurf,Iniciante,lycra surf / neoprene,não
escolinha de vôlei de praia,0,0,,,vôlei de praia,Local,biquíni / top / sunga,não
esportes para fazer no verão,0,0,,,verão e praia,Comportamento,camiseta UV / lycra (fio condutor: proteção solar),não
esqui aquático para iniciantes,0,0,,,wakeboard,Adjacente,lycra surf / neoprene,não
fps de roupa o que é,0,0,,,proteção solar esporte,Comportamento,camiseta UV / lycra (fio condutor: proteção solar),não
funcional para resistência,0,0,,,treino funcional,Benefícios,IOGA / FITNESS,não
futevôlei trabalha quais músculos,0,0,,,futevôlei,Benefícios,sunga / bermuda / lycra,não
futevôlei é difícil,0,0,,,futevôlei,Iniciante,sunga / bermuda / lycra,não
kite para iniciante,0,0,,,kitesurf,Equipamento,lycra surf / neoprene,não
kitesurf em preá,0,0,,,kitesurf,Descoberta,lycra surf / neoprene,não
locais de futevôlei,0,0,,,futevôlei,Local,sunga / bermuda / lycra,não
lugares para canoagem no brasil,0,0,,,canoagem,Descoberta,camiseta UV / lycra,não
lugares para stand up paddle,0,0,,,stand up paddle,Descoberta,lycra surf / camiseta UV,não
lugares para wakeboard no brasil,0,0,,,wakeboard,Descoberta,lycra surf / neoprene,não
maiô para águas abertas,0,0,,,natação mar,Equipamento,maiô / neoprene,não
maquiagem para o verão à prova d'água,0,0,,,verão,Estação,saída de praia / poncho / maiô / biquíni,não
medo de nadar no mar,0,0,,,natação mar,Iniciante,maiô / neoprene,não
melhores destinos de surf,0,0,,,surf,Descoberta,lycra surf / camiseta UV / neoprene,não
melhores lugares para kitesurf,0,0,,,kitesurf,Descoberta,lycra surf / neoprene,não
melhores praias para surfar iniciante,0,0,,,surf,Local,lycra surf / camiseta UV / neoprene,não
nadar com ondas,0,0,,,natação mar,Prática,maiô / neoprene,não
natação em águas abertas para iniciantes,0,0,,,natação mar,Iniciante,maiô / neoprene,não
o que levar para a praia com criança,0,0,,,dia de praia,Estação,saída de praia / poncho / maiô / biquíni,não
o que levar para surfar,0,0,,,surf,Equipamento,lycra surf / camiseta UV / neoprene,não
o que preciso para começar yoga,0,0,,,yoga,Equipamento,IOGA / FITNESS (top e legging),não
o que significa uv50,0,0,,,proteção solar,Fundamento,camiseta UV / lycra (proposta de valor da marca),não
o que usar na praia à noite,0,0,,,moda de verão,Look,saída de praia / vestido / biquíni / maiô,não
o que usar no treino funcional,0,0,,,treino funcional,Equipamento,IOGA / FITNESS,não
o que vestir em dia de calor,0,0,,,moda de verão,Look,saída de praia / vestido / biquíni / maiô,não
o que vestir na canoa havaiana,0,0,,,canoa havaiana,Equipamento,camiseta UV / lycra,não
o que vestir na canoagem,0,0,,,canoagem,Equipamento,camiseta UV / lycra,não
o que vestir no futevôlei,0,0,,,futevôlei,Equipamento,sunga / bermuda / lycra,não
o que vestir no kitesurf,0,0,,,kitesurf,Equipamento,lycra surf / neoprene,não
o que vestir no pilates,0,0,,,pilates,Equipamento,IOGA / FITNESS (top e legging),não
o que vestir no stand up paddle,0,0,,,stand up paddle,Equipamento,lycra surf / camiseta UV,não
o que vestir no wakeboard,0,0,,,wakeboard,Equipamento,lycra surf / neoprene,não
o que vestir no yoga,0,0,,,yoga,Equipamento,IOGA / FITNESS (top e legging),não
o que vestir para surfar,0,0,,,surf,Equipamento,lycra surf / camiseta UV / neoprene,não
o que vestir para vôlei de praia,0,0,,,vôlei de praia,Equipamento,biquíni / top / sunga,não
o que é drop no surf,0,0,,,surf,Prática,lycra surf / camiseta UV / neoprene,não
o que é fator de proteção uv na roupa,0,0,,,proteção solar,Fundamento,camiseta UV / lycra (proposta de valor da marca),não
oc1 e oc6,0,0,,,canoa havaiana,Prática,camiseta UV / lycra,não
onde jogar futevôlei,0,0,,,futevôlei,Local,sunga / bermuda / lycra,não
onde jogar vôlei de praia,0,0,,,vôlei de praia,Local,biquíni / top / sunga,não
onde remar canoa havaiana,0,0,,,canoa havaiana,Local,camiseta UV / lycra,não
perder o medo da água,0,0,,,natação piscina,Iniciante,maiô / camiseta UV / sunga,não
praias de kitesurf no brasil,0,0,,,kitesurf,Descoberta,lycra surf / neoprene,não
praias de surf no nordeste,0,0,,,surf,Descoberta,lycra surf / camiseta UV / neoprene,não
primeira ida à praia do bebê,0,0,,,proteção infantil,Família,camiseta UV infantil / maiô infantil,não
primeira remada de canoa havaiana,0,0,,,canoa havaiana,Iniciante,camiseta UV / lycra,não
primeiros voos kitesurf,0,0,,,kitesurf,Prática,lycra surf / neoprene,não
protetor solar e roupa uv juntos,0,0,,,protetor solar,Adjacente-creme,camiseta UV / lycra (ponte: roupa complementa o creme),não
protetor solar não é suficiente,0,0,,,protetor solar,Adjacente-creme,camiseta UV / lycra (ponte: roupa complementa o creme),não
proteção solar em dia nublado,0,0,,,proteção solar,Comportamento,camiseta UV / lycra (proposta de valor da marca),não
proteção solar para atividade ao ar livre,0,0,,,proteção solar esporte,Comportamento,camiseta UV / lycra (fio condutor: proteção solar),não
proteção solar para bebê,0,0,,,proteção infantil,Família,camiseta UV infantil / maiô infantil,não
proteção solar para canoa havaiana,0,0,,,canoa havaiana,Equipamento,camiseta UV / lycra,não
proteção solar para crianças na escola,0,0,,,proteção infantil,Família,camiseta UV infantil / maiô infantil,não
proteção solar para esporte ao ar livre,0,0,,,proteção solar esporte,Comportamento,camiseta UV / lycra (fio condutor: proteção solar),não
provas de águas abertas no brasil,0,0,,,natação mar,Descoberta,maiô / neoprene,não
quanto custa aprender kitesurf,0,0,,,kitesurf,Iniciante,lycra surf / neoprene,não
rafting para iniciantes,0,0,,,canoagem,Adjacente,camiseta UV / lycra,não
retiro de yoga no brasil,0,0,,,yoga,Descoberta,IOGA / FITNESS (top e legging),não
roupa com proteção uv funciona,0,0,,,proteção solar,Comercial,camiseta UV / lycra (proposta de valor da marca),não
roupa com proteção uv para esporte,0,0,,,proteção solar esporte,Comportamento,camiseta UV / lycra (fio condutor: proteção solar),não
roupa de neoprene para nadar,0,0,,,natação mar,Equipamento,maiô / neoprene,não
roupa uv para esporte aquático,0,0,,,proteção solar esporte,Comportamento,camiseta UV / lycra (fio condutor: proteção solar),não
roupa uv vale a pena,0,0,,,proteção solar,Comercial,camiseta UV / lycra (proposta de valor da marca),não
saque no vôlei de praia,0,0,,,vôlei de praia,Prática,biquíni / top / sunga,não
sighting em águas abertas,0,0,,,natação mar,Prática,maiô / neoprene,não
spots de surf no brasil,0,0,,,surf,Local,lycra surf / camiseta UV / neoprene,não
stand up paddle em represa,0,0,,,stand up paddle,Descoberta,lycra surf / camiseta UV,não
stand up paddle na onda,0,0,,,stand up paddle,Prática,lycra surf / camiseta UV,não
stand up paddle é difícil,0,0,,,stand up paddle,Iniciante,lycra surf / camiseta UV,não
sup para trabalhar o core,0,0,,,stand up paddle,Benefícios,lycra surf / camiseta UV,não
surf do zero,0,0,,,surf,Iniciante,lycra surf / camiseta UV / neoprene,não
surf e saúde mental,0,0,,,surf,Benefícios,lycra surf / camiseta UV / neoprene,não
surf faz bem para saúde,0,0,,,surf,Benefícios,lycra surf / camiseta UV / neoprene,não
surf trip nordeste,0,0,,,surf,Descoberta,lycra surf / camiseta UV / neoprene,não
tamanho de kite por peso,0,0,,,kitesurf,Equipamento,lycra surf / neoprene,não
temporada de kitesurf,0,0,,,kitesurf,Descoberta,lycra surf / neoprene,não
temporada de surf no brasil,0,0,,,surf,Descoberta,lycra surf / camiseta UV / neoprene,não
tendências moda praia verão,0,0,,,moda de verão,Look,saída de praia / vestido / biquíni / maiô,não
tipos de onda para surfar,0,0,,,surf,Prática,lycra surf / camiseta UV / neoprene,não
tipos de wakeboard,0,0,,,wakeboard,Prática,lycra surf / neoprene,não
toque no futevôlei,0,0,,,futevôlei,Prática,sunga / bermuda / lycra,não
viagem de yoga,0,0,,,yoga,Descoberta,IOGA / FITNESS (top e legging),não
wakeboard cable vs barco,0,0,,,wakeboard,Prática,lycra surf / neoprene,não
wingfoil para iniciantes,0,0,,,kitesurf,Adjacente,lycra surf / neoprene,não
ioga para gravidas,0,0,,,yoga,?,,não
power ioga,0,0,,,yoga,?,,não
