Produto,Unidades vendidas,Visualizações,CVR
Poncho Premium Infantil,17,307,0.05537459283387622
PONCHO CLASSICO TODAS AS CORES,10,166,0.060240963855421686
PONCHO RESORT PREMIUM FEMININO,8,201,0.03980099502487562
MAIO STORM,8,540,0.014814814814814815
Poncho Premium Adulto M/G,7,127,0.05511811023622047
MAIO MOANA,7,145,0.04827586206896552
MAIO RINCON,7,1168,0.0059931506849315065
Poncho Atoalhado Roupao Toalha Surf Natacao Classico Adulto,5,160,0.03125
Poncho Clássico Infantil (XPP e PP),5,145,0.034482758620689655
Poncho Premium Adulto P,3,166,0.018072289156626505
Poncho Premium Adulto Areia MG,3,47,0.06382978723404255
MAIO LISO GOLA ALTA MANGA LONGA E ZIPER,2,172,0.011627906976744186
MAIO MACAQUINHO PARATY SURF NATACAO,2,522,0.0038314176245210726
PONCHO RESORT PREMIUM INFANTIL,2,116,0.017241379310344827
MAIO GAROA,1,118,0.00847457627118644
MAIO LYCRA JOHN,1,76,0.013157894736842105
Camiseta Lycra Surf UV50 Manga Longa Preto com Verde,1,7,0.14285714285714285
PONCHO SUPREME (Algodão),1,46,0.021739130434782608
CAMISETA PIPELINE,1,33,0.030303030303030304
Saída de Praia Vestido Regata Alça Cruzada com Transparencia,1,7,0.14285714285714285
Camiseta Lycra Surf UV50 Manga Longa Verde com Preto,1,15,0.06666666666666667
CALÇA FLARE,1,18,0.05555555555555555
Poncho Clássico Adulto (P e M),1,43,0.023255813953488372
Camiseta Lycra Surf UV50 Manga Longa Azul com Preto,1,6,0.16666666666666666
MAIO BELLS LISO MANGA LONGA E ZIPER,1,88,0.011363636363636364
Maiô Manga Longa Bicolor Zíper UV50 Blackout Premium,1,52,0.019230769230769232
MACACÃO,0,23,0.0
CAMISETA LYCRA FEMININA ITAMAMBUCA,0,17,0.0
Camiseta Lycra Surf Feminina UV50 Segunda Pele Surfnelas,0,18,0.0
Camisa Feminina Gola V Lycra UV50 Manga Longa Praia Protecao,0,7,0.0
Maiô Body Surf Sem Manga Alça Cruzada Proteção Solar UV50,0,75,0.0
Maiô Body Surf Manga Longa Proteção Solar UV50 Liso Branco,0,19,0.0
Maiô Body Surf Manga Longa Proteção Solar UV50 Vaca,0,5,0.0
Poncho Premium Adulto Areia P,0,61,0.0
Camiseta Lycra Surf Feminina UV50 Segunda Pele Vaca,0,10,0.0
Camiseta Lycra Surf UV50 Manga Longa Rosa com Preto,0,7,0.0
Biquini Sunkini Hot Pant Top Faixa Futevôlei Piscina Surf,0,13,0.0
Saida de Praia Vestido Manga Longa Midi Folhagem Marrom,0,12,0.0
BERMUDA NEOPRENE JOAQUINA,0,26,0.0
Vestido Resort Longo Minimal Beach Alça Quadrada Preto,0,12,0.0
Camiseta Lycra Surf UV50 Manga Longa Rosa Liso,0,6,0.0
Vestido Resort Longo Minimal Beach Alça Quadrada Bege,0,6,0.0
Biquini Sunkini Hot Pant Top Faixa Surf Futevôlei Piscina,0,8,0.0
Biquini Hot Pant Cos Alto com Top Fixo,0,15,0.0
Camiseta Térmica Manga Longa Infantil Proteção Uv50 6 ao 14,0,4,0.0
Camisa Feminina Lycra UV50 Gola V Manga Longa Protecao Praia,0,20,0.0
Poncho Atoalhado Roupao Toalha Surf Natacao Classico Unissex,0,88,0.0
Biquini Empina Bumbum Cortininha Verde,0,3,0.0
Camiseta Lycra Surf UV50 Manga Longa Amarelo com Preto,0,6,0.0
Biquini Empina Bumbum Cortininha Rosa,0,7,0.0
Camiseta Lycra Surf UV50 Manga Longa Preto Liso,0,27,0.0
Camiseta Lycra Surf UV50 Manga Longa Azul Liso,0,3,0.0
Biquini Asa Delta Alça Fixa Bicolor,0,8,0.0
BIQUINI CORTININHA AMARRACAO AMANDA,0,6,0.0
Biquini Empina Bumbum Cortininha Preto,0,1,0.0
Bermuda Sarja Premium Masculino Cordao E Elastico,0,17,0.0
Camiseta Lycra Surf UV50 Manga Longa Verde Liso,0,6,0.0
Blusa Casaco Moletom Frio Canguru Capuz Surf Unissex,0,11,0.0
Saida de Praia Vestido Manga Longa Midi Mini Flor Rosa,0,1,0.0
Saia Curta Saida Praia Feminina Drapeada Transparente Tule,0,11,0.0
Camiseta Manga Longa Infantil Proteção Uv50 6 ao 14,0,10,0.0
Saida de Praia Shorts em Tule Duplo Premium Feminino,0,1,0.0
MACAQUINHO FITNESS YOGA,0,20,0.0
Maio Biquini Hot Pant Top Alcas Esporte Proteção UV50,0,43,0.0
Camiseta Lycra Surf UV50 Manga Longa Preto com Amarelo,0,4,0.0
Biquini Asa Delta Com Top Alça Fixa,0,9,0.0
Vestido Longo Saida Praia Resort Bicolor,0,11,0.0
Saia Curta Saida Praia Feminina Tule Folhagem Marrom,0,1,0.0
CAMISETA BACKDOOR,0,25,0.0
Bermuda Ergonomic Premium Masculino Cordao E Elastico,0,70,0.0
Camiseta Lycra Surf UV50 Manga Longa Preto com Azul,0,13,0.0
Saida de Praia Vestido Manga Longa Midi Buque Rosa,0,12,0.0
Maiô Body Gola Alta com Ziper Surf Proteção Solar UV50,0,77,0.0
Camisa Masculina Protecao Solar Lycra UV50 Manga Longa Praia,0,2,0.0
AEROLOOK CROPPED MOLETOM,0,8,0.0
AEROLOOK SAIA MOLETOM,0,3,0.0
Hot Pant Top Cropped Manga 3/4 Surf Proteção Solar UV50 Gelo,0,20,0.0
Saia Curta Saida Praia Feminina Tule Buque Rosas,0,2,0.0
Saída de Praia Vestido Midi Regata com Transparencia,0,2,0.0
AEROLOOK CALÇA MOLETOM,0,10,0.0
MAIO INFANTIL ENGANA MAMAE,0,18,0.0
SUNGA CALCAO DE BANHO MASCULINO ADULTO,0,5,0.0
Maio Biquini Hot Pant Top Nadador Esporte Proteção UV50,0,31,0.0
Vestido Regata Saída Praia Tule Transparencia,0,16,0.0
Saida de Praia Saia Transparente Drapeada Lancamento,0,2,0.0
Camisa Feminina Gola V Protecao UV50 Manga Longa Lycra Praia,0,4,0.0
SAPATILHA ESPORTIVA NEOPRENE,0,21,0.0
Camisa Masculina UV50 Manga Longa Protecao Solar Lycra Praia,0,18,0.0
Biquini Hot Pant Cos Alto com Top Fixo com Metal e Abertura,0,23,0.0
Biquini Sunkini Hot Pant Top Faixa Surf Piscina Futevôlei,0,4,0.0
Saida de Praia Vestido Manga Longa Midi Onça,0,6,0.0
Biquini Empina Bumbum Cortininha Onça,0,3,0.0
MAIO CEPILHO INFANTIL,0,24,0.0
Camisa Masculina Lycra UV50 Manga Longa Protecao Solar Praia,0,2,0.0
CALÇA LEGGING,0,23,0.0
Saida de Praia Vestido Manga Longa Midi com Transparencia,0,2,0.0
Blusa Casaco Moletom Frio Careca Surf Unissex,0,10,0.0
Maiô Body Surf Manga Longa Proteção Solar UV50 Liso Marrom,0,19,0.0
Biquini Fio Dental Marquinha Cortininha com Regulagens,0,4,0.0
BIQUINI FLORIPA,0,3,0.0
Maiô Body Surf Manga Longa Proteção Solar UV50 Liso Verde,0,20,0.0
Saida de Praia Vestido Manga Longa Midi Floral Color,0,3,0.0
PONCHO ZIPER,0,50,0.0
CAMISETA NEOPRENE CABO FRIO,0,50,0.0
Saia Curta Saida Praia Feminina Tule Floral Color,0,1,0.0
Maiô Body Surf Manga Longa Proteção Solar UV50 Liso Preto,0,98,0.0
Maio Feminino Manga Longa Body Surf Natacao Estampado Coral,0,57,0.0
TOP FRENTE UNICA,0,8,0.0
Biquini Empina Bumbum Cortininha Vaca,0,1,0.0
CONJUNTO MASCULINO ITAUNA,0,3,0.0
Maiô Body Surf Manga Longa Proteção Solar UV50 Liso Rosa,0,22,0.0
Camiseta Lycra Surf Feminina UV50 Segunda Pele Onca,0,2,0.0
CAMISETA UV INFANTIL NEON,0,12,0.0
VESTIDO RESORT ALCA CRUZADA,0,4,0.0
Hot Pant Top Cropped Manga 3/4 Surf Proteção Solar UV50,0,47,0.0
TOP ALCA,0,11,0.0
SHORTS,0,6,0.0
Maiô Body Surf Manga Longa Proteção Solar UV50 Onça,0,39,0.0
Maiô Body Surf Manga Longa Proteção Solar UV50 Fundo do Mar,0,22,0.0
Atoalhado Cropped com Metal e Shorts com Bolso,0,3,0.0
