keyword,cluster,volume,kd,cpc,intent,paa,aio,fs,sessoes,score,variante_de,norm
biquini fio dental,Biquini e top,6600.0,14.0,0.14,"Informational, Transactional",True,False,False,323.4,291.1,,biquini fio dental
biquini cortininha,Biquini e top,6600.0,19.0,0.2,Commercial,True,False,False,191.4,153.1,,biquini cortininha
biquini infantil,Biquini e top,6600.0,15.0,0.13,Commercial,False,False,False,191.4,153.1,,biquini infantil
biquini preto,Biquini e top,5400.0,20.0,0.23,Commercial,False,False,False,156.6,125.3,,biquini preto
biquini asa delta,Biquini e top,2900.0,14.0,0.24,"Informational, Commercial",True,False,False,142.1,71.0,,biquini asa delta
sunkini,Biquini e top,1600.0,13.0,0.11,"Informational, Commercial",False,False,False,78.4,39.2,,sunkini
biquini hot pants,Biquini e top,1300.0,15.0,0.16,Commercial,True,False,False,37.7,30.2,,biquini hot pants
biquini tomara que caia,Biquini e top,2400.0,9.0,0.16,Informational,False,False,False,117.6,29.4,,biquini tomara que caia
biquini juvenil,Biquini e top,1600.0,16.0,0.12,"Informational, Commercial",False,False,False,46.4,23.2,,biquini juvenil
biquini com bojo,Biquini e top,880.0,12.0,0.12,"Informational, Commercial",True,False,False,43.1,21.6,,biquini com bojo
sunkini feminino,Biquini e top,720.0,21.0,0.12,Commercial,True,False,False,20.9,16.7,,sunkini feminino
biquini de crochê,Biquini e top,1900.0,32.0,0.12,Commercial,True,False,False,19.0,15.2,,biquini de croche
biquini sem bojo,Biquini e top,390.0,9.0,0.09,"Informational, Commercial",True,False,False,19.1,9.6,,biquini sem bojo
subikini,Biquini e top,210.0,7.0,0.29,Commercial,True,False,False,10.3,8.2,,subikini
biquini estampado,Biquini e top,320.0,12.0,0.17,"Informational, Commercial",True,False,False,15.7,7.8,,biquini estampado
conjunto de biquini,Biquini e top,320.0,21.0,0.11,Commercial,True,False,False,9.3,7.4,,conjunto de biquini
biquini esportivo,Biquini e top,110.0,7.0,0.17,Commercial,False,False,False,5.4,4.3,,biquini esportivo
biquini de surf,Biquini e top,90.0,7.0,0.22,Commercial,False,False,False,4.4,3.5,,biquini de surf
biquini sunkini,Biquini e top,90.0,13.0,0.11,Commercial,False,False,False,4.4,3.5,,biquini sunkini
biquini surf feminino,Biquini e top,90.0,8.0,0.16,Commercial,False,False,False,4.4,3.5,,biquini surf feminino
calcinha de biquini alta,Biquini e top,90.0,7.0,0.12,Commercial,False,False,False,4.4,3.5,,calcinha de biquini alta
biquini de amarrar,Biquini e top,260.0,9.0,0.11,Informational,True,False,False,12.7,3.2,,biquini de amarrar
biquini uv,Biquini e top,110.0,7.0,0.17,"Informational, Commercial",False,False,False,5.4,2.7,,biquini uv
biquini com proteção uv,Biquini e top,70.0,0.0,0.13,,False,False,False,3.4,1.4,,biquini com protecao uv
biquini de lycra,Biquini e top,70.0,0.0,0.09,,False,False,False,3.4,1.4,,biquini de lycra
calcinha de biquini asa delta,Biquini e top,70.0,0.0,0.13,,False,False,False,3.4,1.4,,calcinha de biquini asa delta
biquini esportivo feminino,Biquini e top,50.0,0.0,0.15,,False,False,False,2.5,1.0,,biquini esportivo feminino
biquini fitness,Biquini e top,40.0,0.0,0.14,,False,False,False,2.0,0.8,,biquini fitness
biquíni esportivo,Biquini e top,40.0,0.0,0.18,,False,False,False,2.0,0.8,biquini esportivo,biquini esportivo
top cropped praia,Biquini e top,30.0,0.0,0.25,,False,False,False,1.5,0.6,,top cropped praia
comprar biquini online,Biquini e top,20.0,0.0,0.38,,False,False,False,1.0,0.4,,comprar biquini online
sunkini biquini,Biquini e top,20.0,0.0,0.1,,False,False,False,1.0,0.4,,sunkini biquini
top de surf,Biquini e top,20.0,0.0,0.0,,False,False,False,1.0,0.4,,top de surf
top de neoprene,Biquini e top,20.0,0.0,0.0,,False,False,False,1.0,0.4,,top de neoprene
top neoprene,Biquini e top,20.0,0.0,0.12,,False,False,False,1.0,0.4,,top neoprene
biquini frente única,Biquini e top,10.0,0.0,0.25,,False,False,False,0.5,0.2,,biquini frente unica
biquini para esportes aquáticos,Biquini e top,,,,,False,False,False,,,,biquini para esportes aquaticos
biquini para praia esportivo,Biquini e top,,,,,False,False,False,,,,biquini para praia esportivo
biquini para stand up paddle,Biquini e top,0.0,0.0,0.0,,False,False,False,0.0,0.0,,biquini para stand up paddle
biquini para surf infantil,Biquini e top,,,,,False,False,False,,,,biquini para surf infantil
biquini para surfar,Biquini e top,0.0,0.0,0.14,,False,False,False,0.0,0.0,,biquini para surfar
biquini para vôlei de praia,Biquini e top,,,,,False,False,False,,,,biquini para volei de praia
biquini que não sai,Biquini e top,,,,,False,False,False,,,,biquini que nao sai
biquini que não sai no mar,Biquini e top,,,,,False,False,False,,,,biquini que nao sai no mar
biquíni de surf,Biquini e top,0.0,0.0,0.15,,False,False,False,0.0,0.0,biquini de surf,biquini de surf
biquíni para surfar,Biquini e top,0.0,0.0,0.0,,False,False,False,0.0,0.0,biquini para surfar,biquini para surfar
sutiã de surf,Biquini e top,,,,,False,False,False,,,,sutia de surf
top com manga longa surf,Biquini e top,,,,,False,False,False,,,,top com manga longa surf
top de biquini esportivo,Biquini e top,,,,,False,False,False,,,,top de biquini esportivo
top de lycra feminino,Biquini e top,0.0,0.0,0.0,,False,False,False,0.0,0.0,,top de lycra feminino
top de neoprene feminino,Biquini e top,,,,,False,False,False,,,,top de neoprene feminino
top de surf feminino,Biquini e top,,,,,False,False,False,,,,top de surf feminino
top esportivo para surf,Biquini e top,,,,,False,False,False,,,,top esportivo para surf
top esportivo praia,Biquini e top,,,,,False,False,False,,,,top esportivo praia
top para surfar,Biquini e top,,,,,False,False,False,,,,top para surfar
sapatilha aquatica,Calcado aquatico,12100.0,20.0,0.04,Commercial,True,True,False,350.9,280.7,,sapatilha aquatica
sapatilha aquática,Calcado aquatico,3600.0,23.0,0.04,Commercial,True,False,False,104.4,83.5,sapatilha aquatica,sapatilha aquatica
sapatilha beach tennis,Calcado aquatico,1600.0,14.0,0.05,Commercial,True,False,False,78.4,62.7,,sapatilha beach tennis
sapatilha nautica,Calcado aquatico,2400.0,23.0,0.04,"Informational, Transactional",True,False,False,69.6,62.6,,sapatilha nautica
sapatilha aquatica feminina,Calcado aquatico,1600.0,25.0,0.03,Commercial,True,False,False,46.4,37.1,,sapatilha aquatica feminina
sapatilha para praia,Calcado aquatico,1600.0,25.0,0.03,Commercial,True,False,False,46.4,37.1,,sapatilha para praia
neoprene sapatilha,Calcado aquatico,1300.0,17.0,0.05,Commercial,True,False,False,37.7,30.2,,neoprene sapatilha
sapatilha em neoprene,Calcado aquatico,1300.0,17.0,0.05,Commercial,True,False,False,37.7,30.2,,sapatilha em neoprene
sapatilha neoprene,Calcado aquatico,1600.0,29.0,0.05,"Informational, Commercial",True,False,False,46.4,23.2,,sapatilha neoprene
sapatilha para beach tennis,Calcado aquatico,1600.0,15.0,0.05,"Informational, Commercial",True,False,False,46.4,23.2,,sapatilha para beach tennis
sapatilhas para praia,Calcado aquatico,1000.0,28.0,0.03,"Informational, Commercial",True,False,False,29.0,14.5,,sapatilhas para praia
sapatilha para cachoeira,Calcado aquatico,590.0,24.0,0.03,Commercial,True,False,False,17.1,13.7,,sapatilha para cachoeira
sapato aquatico,Calcado aquatico,720.0,25.0,0.04,"Informational, Commercial",True,False,False,20.9,10.4,,sapato aquatico
tenis aquatico,Calcado aquatico,720.0,24.0,0.06,"Informational, Commercial",True,False,False,20.9,10.4,,tenis aquatico
sapatilha antiderrapante,Calcado aquatico,720.0,14.0,0.06,Informational,True,False,False,35.3,8.8,,sapatilha antiderrapante
sapatilha de neoprene,Calcado aquatico,590.0,23.0,0.04,"Informational, Commercial",True,False,False,17.1,8.6,,sapatilha de neoprene
sapatilha aquatica masculina,Calcado aquatico,590.0,22.0,0.04,"Informational, Commercial",True,False,False,17.1,8.6,,sapatilha aquatica masculina
sapatilha de praia,Calcado aquatico,590.0,23.0,0.03,"Informational, Commercial",True,False,False,17.1,8.6,,sapatilha de praia
sapatilha nautica feminina,Calcado aquatico,590.0,24.0,0.03,"Informational, Commercial",True,False,False,17.1,8.6,,sapatilha nautica feminina
sapatilha nautica masculina,Calcado aquatico,590.0,24.0,0.04,"Informational, Commercial",True,False,False,17.1,8.6,,sapatilha nautica masculina
sapatilha náutica,Calcado aquatico,480.0,23.0,0.04,"Informational, Commercial",True,False,False,13.9,7.0,sapatilha nautica,sapatilha nautica
sapato de praia,Calcado aquatico,480.0,25.0,0.04,"Informational, Commercial",True,False,False,13.9,7.0,,sapato de praia
meia aquatica,Calcado aquatico,260.0,24.0,0.03,Commercial,True,False,False,7.5,6.0,,meia aquatica
sapatilha esportiva,Calcado aquatico,390.0,16.0,0.09,"Informational, Commercial",False,False,False,11.3,5.7,,sapatilha esportiva
sapatilha para agua,Calcado aquatico,390.0,22.0,0.03,"Informational, Commercial",True,False,False,11.3,5.7,,sapatilha para agua
sapatilha para piscina,Calcado aquatico,390.0,24.0,0.04,"Informational, Commercial",True,False,False,11.3,5.7,,sapatilha para piscina
botinha de neoprene,Calcado aquatico,210.0,7.0,0.05,"Informational, Commercial",True,False,False,10.3,5.2,,botinha de neoprene
bota de neoprene,Calcado aquatico,170.0,8.0,0.04,"Informational, Commercial",True,False,False,8.3,4.2,,bota de neoprene
tenis para agua,Calcado aquatico,260.0,24.0,0.07,"Informational, Commercial",True,False,False,7.5,3.8,,tenis para agua
sapatilhas aquaticas,Calcado aquatico,480.0,22.0,0.03,Informational,True,False,False,13.9,3.5,,sapatilhas aquaticas
sapatilha para mar,Calcado aquatico,140.0,23.0,0.04,Commercial,True,False,False,4.1,3.3,,sapatilha para mar
sapatilha para areia,Calcado aquatico,210.0,23.0,0.06,"Informational, Commercial",True,False,False,6.1,3.0,,sapatilha para areia
sapatilha praia,Calcado aquatico,390.0,23.0,0.04,Informational,True,False,False,11.3,2.8,,sapatilha praia
sapatilha aquatica antiderrapante,Calcado aquatico,110.0,22.0,0.04,Commercial,True,False,False,3.2,2.6,,sapatilha aquatica antiderrapante
bota aquatica,Calcado aquatico,140.0,23.0,0.04,"Informational, Commercial",True,False,False,4.1,2.0,,bota aquatica
sapatilha neoprene feminina,Calcado aquatico,90.0,23.0,0.05,"Informational, Commercial",True,False,False,2.6,1.3,,sapatilha neoprene feminina
sapatilha para esportes aquaticos,Calcado aquatico,40.0,0.0,0.06,,False,False,False,2.0,0.8,,sapatilha para esportes aquaticos
botinha de surf,Calcado aquatico,30.0,0.0,0.07,,False,False,False,1.5,0.6,,botinha de surf
botinha de neoprene surf,Calcado aquatico,20.0,0.0,0.06,,False,False,False,1.0,0.4,,botinha de neoprene surf
sapatilha para esportes aquáticos,Calcado aquatico,20.0,0.0,0.06,,False,False,False,1.0,0.4,sapatilha para esportes aquaticos,sapatilha para esportes aquaticos
sapatilha para surf,Calcado aquatico,20.0,0.0,0.07,,False,False,False,1.0,0.4,,sapatilha para surf
sapatilha neoprene masculina,Calcado aquatico,20.0,0.0,0.03,,False,False,False,1.0,0.4,,sapatilha neoprene masculina
sapatilha para areia quente,Calcado aquatico,20.0,0.0,0.03,,False,False,False,1.0,0.4,,sapatilha para areia quente
sapatilha para o mar,Calcado aquatico,20.0,0.0,0.05,,False,False,False,1.0,0.4,,sapatilha para o mar
sapatilha para pedras,Calcado aquatico,20.0,0.0,0.04,,False,False,False,1.0,0.4,,sapatilha para pedras
sapatilha para rio,Calcado aquatico,20.0,0.0,0.03,,False,False,False,1.0,0.4,,sapatilha para rio
sapatilha surf,Calcado aquatico,20.0,0.0,0.07,,False,False,False,1.0,0.4,,sapatilha surf
sapatilha aquatica adulto,Calcado aquatico,10.0,0.0,0.04,,False,False,False,0.5,0.2,,sapatilha aquatica adulto
sapatilha para futevolei,Calcado aquatico,10.0,0.0,0.04,,False,False,False,0.5,0.2,,sapatilha para futevolei
sapatilha antiderrapante praia,Calcado aquatico,0.0,0.0,0.0,,False,False,False,0.0,0.0,,sapatilha antiderrapante praia
sapatilha esportiva neoprene,Calcado aquatico,,,,,False,False,False,,,,sapatilha esportiva neoprene
sapatilha neoprene surf,Calcado aquatico,0.0,0.0,0.0,,False,False,False,0.0,0.0,,sapatilha neoprene surf
sapatilha para pedra surf,Calcado aquatico,,,,,False,False,False,,,,sapatilha para pedra surf
botinha aquatica,Calcado aquatico,,,,,False,False,False,,,,botinha aquatica
sapatilha antiderrapante para praia,Calcado aquatico,0.0,0.0,0.0,,False,False,False,0.0,0.0,,sapatilha antiderrapante para praia
sapatilha de surf,Calcado aquatico,0.0,0.0,0.04,,False,False,False,0.0,0.0,,sapatilha de surf
sapatilha neoprene cano alto,Calcado aquatico,,,,,False,False,False,,,,sapatilha neoprene cano alto
sapatilha para costao,Calcado aquatico,,,,,False,False,False,,,,sapatilha para costao
sapatilha para kitesurf,Calcado aquatico,,,,,False,False,False,,,,sapatilha para kitesurf
sapatilha para pedra,Calcado aquatico,0.0,0.0,0.04,,False,False,False,0.0,0.0,,sapatilha para pedra
sapatilha para stand up paddle,Calcado aquatico,,,,,False,False,False,,,,sapatilha para stand up paddle
canga de praia,Canga e acessorios,14800.0,19.0,0.1,Informational,True,False,False,429.2,107.3,,canga de praia
canga de praia grande,Canga e acessorios,590.0,21.0,0.09,"Informational, Commercial",True,False,False,17.1,8.6,,canga de praia grande
canga estampada,Canga e acessorios,140.0,7.0,0.29,"Informational, Commercial",False,False,False,6.9,3.5,,canga estampada
pareô de praia,Canga e acessorios,50.0,0.0,0.18,,False,False,False,2.5,1.0,,pareo de praia
equipamento de surf iniciante,Canga e acessorios,,,,,False,False,False,,,,equipamento de surf iniciante
melhores praias para surfar no brasil,Informacional / GEO,90.0,11.0,0.09,Commercial,True,True,False,4.4,3.5,,melhores praias para surfar no brasil
o que é rash guard,Informacional / GEO,260.0,5.0,0.07,Informational,True,True,False,12.7,3.2,,o que e rash guard
melhores maios para natação,Informacional / GEO,70.0,0.0,0.08,,False,False,False,3.4,1.4,,melhores maios para natacao
o que vestir na praia,Informacional / GEO,40.0,0.0,0.1,,False,False,False,2.0,0.8,,o que vestir na praia
qual a melhor marca de biquini,Informacional / GEO,30.0,0.0,0.16,,False,False,False,1.5,0.6,,qual a melhor marca de biquini
como começar a surfar,Informacional / GEO,20.0,0.0,0.13,,False,False,False,1.0,0.4,,como comecar a surfar
como lavar roupa de neoprene,Informacional / GEO,20.0,0.0,0.0,,False,False,False,1.0,0.4,,como lavar roupa de neoprene
como lavar roupa de praia,Informacional / GEO,20.0,0.0,0.0,,False,False,False,1.0,0.4,,como lavar roupa de praia
como vestir roupa de neoprene,Informacional / GEO,20.0,0.0,0.0,,False,False,False,1.0,0.4,,como vestir roupa de neoprene
o que é beachwear,Informacional / GEO,20.0,0.0,0.0,,False,False,False,1.0,0.4,,o que e beachwear
como conservar roupa de praia,Informacional / GEO,,,,,False,False,False,,,,como conservar roupa de praia
como escolher lycra de surf,Informacional / GEO,,,,,False,False,False,,,,como escolher lycra de surf
como escolher maio de surf,Informacional / GEO,,,,,False,False,False,,,,como escolher maio de surf
como escolher roupa de neoprene,Informacional / GEO,,,,,False,False,False,,,,como escolher roupa de neoprene
como escolher tamanho de roupa de surf,Informacional / GEO,,,,,False,False,False,,,,como escolher tamanho de roupa de surf
como evitar assadura no surf,Informacional / GEO,,,,,False,False,False,,,,como evitar assadura no surf
como lavar lycra de surf,Informacional / GEO,,,,,False,False,False,,,,como lavar lycra de surf
como medir tamanho de biquini,Informacional / GEO,0.0,0.0,0.0,,False,False,False,0.0,0.0,,como medir tamanho de biquini
como se proteger do sol no surf,Informacional / GEO,0.0,0.0,0.0,,False,False,False,0.0,0.0,,como se proteger do sol no surf
como se trocar na praia,Informacional / GEO,,,,,False,False,False,,,,como se trocar na praia
como secar roupa de surf,Informacional / GEO,,,,,False,False,False,,,,como secar roupa de surf
como tirar parafina da lycra de surf,Informacional / GEO,0.0,0.0,0.0,,False,False,False,0.0,0.0,,como tirar parafina da lycra de surf
como trocar de roupa na praia sem constrangimento,Informacional / GEO,,,,,False,False,False,,,,como trocar de roupa na praia sem constrangimento
como usar poncho de surf,Informacional / GEO,,,,,False,False,False,,,,como usar poncho de surf
como vestir a lycra de surf,Informacional / GEO,,,,,False,False,False,,,,como vestir a lycra de surf
diferença entre beachwear e surfwear,Informacional / GEO,,,,,False,False,False,,,,diferenca entre beachwear e surfwear
diferença entre neoprene e lycra,Informacional / GEO,,,,,False,False,False,,,,diferenca entre neoprene e lycra
diferença entre rash guard e lycra,Informacional / GEO,,,,,False,False,False,,,,diferenca entre rash guard e lycra
melhores marcas de surfwear do brasil,Informacional / GEO,,,,,False,False,False,,,,melhores marcas de surfwear do brasil
o que levar para o surf,Informacional / GEO,,,,,False,False,False,,,,o que levar para o surf
o que significa fps na roupa,Informacional / GEO,,,,,False,False,False,,,,o que significa fps na roupa
o que significa uv50,Informacional / GEO,0.0,0.0,0.0,,False,False,False,0.0,0.0,,o que significa uv50
o que usar embaixo da lycra de surf,Informacional / GEO,,,,,False,False,False,,,,o que usar embaixo da lycra de surf
o que usar embaixo do maio de surf,Informacional / GEO,,,,,False,False,False,,,,o que usar embaixo do maio de surf
o que vestir para surfar,Informacional / GEO,,,,,False,False,False,,,,o que vestir para surfar
o que é lycra de surf,Informacional / GEO,,,,,False,False,False,,,,o que e lycra de surf
o que é poncho de surf,Informacional / GEO,,,,,False,False,False,,,,o que e poncho de surf
o que é tecido com proteção uv,Informacional / GEO,0.0,0.0,0.0,,False,False,False,0.0,0.0,,o que e tecido com protecao uv
o que é uv50,Informacional / GEO,,,,,False,False,False,,,,o que e uv50
onde comprar lycra de surf,Informacional / GEO,,,,,False,False,False,,,,onde comprar lycra de surf
onde comprar poncho de surf,Informacional / GEO,,,,,False,False,False,,,,onde comprar poncho de surf
onde comprar roupa de surf,Informacional / GEO,,,,,False,False,False,,,,onde comprar roupa de surf
para que serve a lycra de surf,Informacional / GEO,,,,,False,False,False,,,,para que serve a lycra de surf
para que serve poncho de surf,Informacional / GEO,,,,,False,False,False,,,,para que serve poncho de surf
poncho de surf vale a pena,Informacional / GEO,,,,,False,False,False,,,,poncho de surf vale a pena
proteção uv da roupa dura quanto tempo,Informacional / GEO,,,,,False,False,False,,,,protecao uv da roupa dura quanto tempo
qual a diferença entre maio de surf e maio comum,Informacional / GEO,,,,,False,False,False,,,,qual a diferenca entre maio de surf e maio comum
qual biquini não sai surfando,Informacional / GEO,,,,,False,False,False,,,,qual biquini nao sai surfando
qual espessura de neoprene usar,Informacional / GEO,,,,,False,False,False,,,,qual espessura de neoprene usar
qual o tamanho do poncho de surf,Informacional / GEO,,,,,False,False,False,,,,qual o tamanho do poncho de surf
qual protetor solar para surf,Informacional / GEO,,,,,False,False,False,,,,qual protetor solar para surf
qual sabão lavar roupa de lycra surf,Informacional / GEO,0.0,0.0,0.0,,False,False,False,0.0,0.0,,qual sabao lavar roupa de lycra surf
quando usar neoprene no surf,Informacional / GEO,,,,,False,False,False,,,,quando usar neoprene no surf
quanto custa uma roupa de surf,Informacional / GEO,0.0,0.0,0.0,,False,False,False,0.0,0.0,,quanto custa uma roupa de surf
quanto tempo dura uma lycra de surf,Informacional / GEO,,,,,False,False,False,,,,quanto tempo dura uma lycra de surf
roupa com fps 50 funciona,Informacional / GEO,,,,,False,False,False,,,,roupa com fps 50 funciona
tabela de medidas roupa de surf,Informacional / GEO,,,,,False,False,False,,,,tabela de medidas roupa de surf
temperatura da água para usar neoprene,Informacional / GEO,,,,,False,False,False,,,,temperatura da agua para usar neoprene
onde comprar roupa de neoprene,Informacional / GEO,0.0,0.0,0.0,,False,False,False,0.0,0.0,,onde comprar roupa de neoprene
rash guard,"Lycra, camiseta UV e rash",18100.0,10.0,0.1,"Informational, Commercial",True,True,False,886.9,443.4,,rash guard
camisa uv,"Lycra, camiseta UV e rash",8100.0,20.0,0.13,Commercial,True,False,False,234.9,187.9,,camisa uv
blusa uv feminina,"Lycra, camiseta UV e rash",3600.0,15.0,0.11,Commercial,True,False,False,104.4,83.5,,blusa uv feminina
camiseta uv,"Lycra, camiseta UV e rash",3600.0,16.0,0.13,Commercial,True,False,False,104.4,83.5,,camiseta uv
blusa uv,"Lycra, camiseta UV e rash",2900.0,15.0,0.13,Commercial,True,False,False,84.1,67.3,,blusa uv
camiseta uv masculina,"Lycra, camiseta UV e rash",2900.0,17.0,0.11,Commercial,True,False,False,84.1,67.3,,camiseta uv masculina
camiseta uv feminina,"Lycra, camiseta UV e rash",1900.0,16.0,0.09,Commercial,True,False,False,55.1,44.1,,camiseta uv feminina
lycra surf,"Lycra, camiseta UV e rash",880.0,9.0,0.1,Commercial,False,False,False,43.1,34.5,,lycra surf
camiseta surf,"Lycra, camiseta UV e rash",720.0,8.0,0.13,Commercial,False,False,False,35.3,28.2,,camiseta surf
camiseta uv infantil,"Lycra, camiseta UV e rash",720.0,11.0,0.17,Commercial,False,False,False,35.3,28.2,,camiseta uv infantil
camiseta uv masculina manga longa,"Lycra, camiseta UV e rash",590.0,12.0,0.11,Commercial,True,False,False,28.9,23.1,,camiseta uv masculina manga longa
surf lycra,"Lycra, camiseta UV e rash",880.0,8.0,0.1,"Informational, Commercial",False,True,False,43.1,21.6,,surf lycra
camisa de praia feminina,"Lycra, camiseta UV e rash",880.0,19.0,0.13,Commercial,True,False,False,25.5,20.4,,camisa de praia feminina
camiseta surf masculina,"Lycra, camiseta UV e rash",480.0,13.0,0.13,Commercial,False,False,False,23.5,18.8,,camiseta surf masculina
surf lycras,"Lycra, camiseta UV e rash",590.0,10.0,0.1,"Informational, Commercial",True,True,False,28.9,14.4,,surf lycras
camiseta uv feminina manga longa,"Lycra, camiseta UV e rash",320.0,12.0,0.09,Commercial,True,False,False,15.7,12.6,,camiseta uv feminina manga longa
rash guard infantil,"Lycra, camiseta UV e rash",480.0,5.0,0.05,"Informational, Commercial",False,False,False,23.5,11.8,,rash guard infantil
camiseta proteção solar,"Lycra, camiseta UV e rash",480.0,21.0,0.1,Commercial,True,False,False,13.9,11.1,,camiseta protecao solar
camiseta com proteção uv,"Lycra, camiseta UV e rash",880.0,13.0,0.1,Informational,True,False,False,43.1,10.8,,camiseta com protecao uv
lycra surf masculina,"Lycra, camiseta UV e rash",260.0,7.0,0.09,Commercial,False,False,False,12.7,10.2,,lycra surf masculina
blusa com proteção uv,"Lycra, camiseta UV e rash",1300.0,18.0,0.08,Informational,True,False,False,37.7,9.4,,blusa com protecao uv
camisetas femininas surf,"Lycra, camiseta UV e rash",210.0,9.0,0.11,Commercial,False,False,False,10.3,8.2,,camisetas femininas surf
camisa uv pesca,"Lycra, camiseta UV e rash",260.0,17.0,0.11,Commercial,True,False,False,7.5,6.0,,camisa uv pesca
lycra de surf,"Lycra, camiseta UV e rash",140.0,8.0,0.08,Commercial,True,False,False,6.9,5.5,,lycra de surf
rash guard feminino,"Lycra, camiseta UV e rash",140.0,6.0,0.09,Commercial,True,False,False,6.9,5.5,,rash guard feminino
camiseta para surf feminina,"Lycra, camiseta UV e rash",210.0,9.0,0.11,"Informational, Commercial",False,False,False,10.3,5.2,,camiseta para surf feminina
camisa de proteção solar feminina,"Lycra, camiseta UV e rash",110.0,13.0,0.07,Commercial,True,False,False,5.4,4.3,,camisa de protecao solar feminina
camiseta manga longa surf,"Lycra, camiseta UV e rash",110.0,10.0,0.12,Commercial,False,False,False,5.4,4.3,,camiseta manga longa surf
camiseta uv 50 masculina,"Lycra, camiseta UV e rash",110.0,10.0,0.11,Commercial,True,False,False,5.4,4.3,,camiseta uv 50 masculina
camiseta surf feminina,"Lycra, camiseta UV e rash",170.0,11.0,0.15,"Informational, Commercial",False,False,False,8.3,4.2,,camiseta surf feminina
lycra surf feminina,"Lycra, camiseta UV e rash",170.0,7.0,0.12,"Informational, Commercial",False,False,False,8.3,4.2,,lycra surf feminina
camisa termica praia,"Lycra, camiseta UV e rash",140.0,23.0,0.06,"Informational, Transactional",True,False,False,4.1,3.7,,camisa termica praia
blusa de proteção solar feminina,"Lycra, camiseta UV e rash",140.0,14.0,0.06,"Informational, Commercial",True,False,False,6.9,3.5,,blusa de protecao solar feminina
camisa com proteção solar,"Lycra, camiseta UV e rash",480.0,16.0,0.11,Informational,True,False,False,13.9,3.5,,camisa com protecao solar
camiseta para piscina,"Lycra, camiseta UV e rash",140.0,23.0,0.07,Commercial,True,False,False,4.1,3.3,,camiseta para piscina
camiseta de praia feminina,"Lycra, camiseta UV e rash",140.0,0.0,0.12,,False,False,False,6.9,2.8,,camiseta de praia feminina
camisa de lycra,"Lycra, camiseta UV e rash",110.0,10.0,0.08,"Informational, Commercial",True,False,False,5.4,2.7,,camisa de lycra
roupa com proteção solar,"Lycra, camiseta UV e rash",210.0,13.0,0.13,Informational,True,False,False,10.3,2.6,,roupa com protecao solar
camisa de lycra surf,"Lycra, camiseta UV e rash",90.0,7.0,0.09,"Informational, Commercial",False,False,False,4.4,2.2,,camisa de lycra surf
camiseta de lycra,"Lycra, camiseta UV e rash",90.0,8.0,0.08,"Informational, Commercial",True,False,False,4.4,2.2,,camiseta de lycra
camiseta de praia masculina,"Lycra, camiseta UV e rash",90.0,17.0,0.16,Commercial,False,False,False,2.6,2.1,,camiseta de praia masculina
camisa de surfista masculina,"Lycra, camiseta UV e rash",140.0,15.0,0.13,"Informational, Commercial",False,False,False,4.1,2.0,,camisa de surfista masculina
camisa manga longa praia,"Lycra, camiseta UV e rash",140.0,18.0,0.11,"Informational, Commercial",True,False,False,4.1,2.0,,camisa manga longa praia
camiseta surfista,"Lycra, camiseta UV e rash",90.0,0.0,0.13,,False,False,False,4.4,1.8,,camiseta surfista
camisa uv surf,"Lycra, camiseta UV e rash",140.0,8.0,0.13,Informational,False,False,False,6.9,1.7,,camisa uv surf
camisa de proteção solar masculina,"Lycra, camiseta UV e rash",70.0,0.0,0.09,,False,False,False,3.4,1.4,,camisa de protecao solar masculina
camiseta lycra feminina,"Lycra, camiseta UV e rash",70.0,0.0,0.1,,False,False,False,3.4,1.4,,camiseta lycra feminina
camiseta uv com ziper,"Lycra, camiseta UV e rash",70.0,0.0,0.1,,False,False,False,3.4,1.4,,camiseta uv com ziper
camiseta uv50,"Lycra, camiseta UV e rash",70.0,0.0,0.1,,False,False,False,3.4,1.4,,camiseta uv50
camisetas lycra surf,"Lycra, camiseta UV e rash",70.0,0.0,0.11,,False,False,False,3.4,1.4,,camisetas lycra surf
rash guard masculino,"Lycra, camiseta UV e rash",70.0,0.0,0.08,,False,False,False,3.4,1.4,,rash guard masculino
rash guard para que serve,"Lycra, camiseta UV e rash",70.0,0.0,0.07,,False,False,False,3.4,1.4,,rash guard para que serve
camisa termica para praia,"Lycra, camiseta UV e rash",90.0,22.0,0.05,"Informational, Commercial",True,False,False,2.6,1.3,,camisa termica para praia
roupa com proteção uv,"Lycra, camiseta UV e rash",170.0,15.0,0.11,Informational,True,True,False,4.9,1.2,,roupa com protecao uv
camisa manga longa proteção solar,"Lycra, camiseta UV e rash",50.0,0.0,0.1,,False,False,False,2.5,1.0,,camisa manga longa protecao solar
camisa uv50,"Lycra, camiseta UV e rash",50.0,0.0,0.1,,False,False,False,2.5,1.0,,camisa uv50
camiseta lycra surf manga longa,"Lycra, camiseta UV e rash",50.0,0.0,0.09,,False,False,False,2.5,1.0,,camiseta lycra surf manga longa
lycra para surf,"Lycra, camiseta UV e rash",50.0,0.0,0.11,,False,False,False,2.5,1.0,,lycra para surf
camiseta anti uv,"Lycra, camiseta UV e rash",40.0,0.0,0.17,,False,False,False,2.0,0.8,,camiseta anti uv
camiseta lycra surf,"Lycra, camiseta UV e rash",40.0,0.0,0.11,,False,False,False,2.0,0.8,,camiseta lycra surf
camiseta uv gola alta,"Lycra, camiseta UV e rash",40.0,0.0,0.09,,False,False,False,2.0,0.8,,camiseta uv gola alta
camisa de borracha surf,"Lycra, camiseta UV e rash",40.0,0.0,0.07,,False,False,False,2.0,0.8,,camisa de borracha surf
camiseta lycra masculina,"Lycra, camiseta UV e rash",30.0,0.0,0.09,,False,False,False,1.5,0.6,,camiseta lycra masculina
camiseta manga longa praia,"Lycra, camiseta UV e rash",30.0,0.0,0.09,,False,False,False,1.5,0.6,,camiseta manga longa praia
camiseta para surf,"Lycra, camiseta UV e rash",30.0,0.0,0.12,,False,False,False,1.5,0.6,,camiseta para surf
lycra manga longa surf,"Lycra, camiseta UV e rash",30.0,0.0,0.13,,False,False,False,1.5,0.6,,lycra manga longa surf
camiseta surfwear,"Lycra, camiseta UV e rash",20.0,0.0,0.18,,False,False,False,1.0,0.4,,camiseta surfwear
lycra de praia,"Lycra, camiseta UV e rash",20.0,0.0,0.0,,False,False,False,1.0,0.4,,lycra de praia
lycra surf infantil,"Lycra, camiseta UV e rash",20.0,0.0,0.11,,False,False,False,1.0,0.4,,lycra surf infantil
saída de praia com proteção uv,"Lycra, camiseta UV e rash",20.0,0.0,0.09,,False,False,False,1.0,0.4,,saida de praia com protecao uv
camisa borracha surf,"Lycra, camiseta UV e rash",20.0,0.0,0.08,,False,False,False,1.0,0.4,,camisa borracha surf
camisa neolycra,"Lycra, camiseta UV e rash",20.0,0.0,0.06,,False,False,False,1.0,0.4,,camisa neolycra
camisa termica para agua,"Lycra, camiseta UV e rash",20.0,0.0,0.04,,False,False,False,1.0,0.4,,camisa termica para agua
camisa termica para surf,"Lycra, camiseta UV e rash",20.0,0.0,0.0,,False,False,False,1.0,0.4,,camisa termica para surf
camiseta uv surf,"Lycra, camiseta UV e rash",10.0,0.0,0.16,,False,False,False,0.5,0.2,,camiseta uv surf
camiseta termica surf,"Lycra, camiseta UV e rash",10.0,0.0,0.07,,False,False,False,0.5,0.2,,camiseta termica surf
camiseta de surf colorida,"Lycra, camiseta UV e rash",,,,,False,False,False,,,,camiseta de surf colorida
camiseta de surf estampada,"Lycra, camiseta UV e rash",,,,,False,False,False,,,,camiseta de surf estampada
camiseta lycra surf proteção solar,"Lycra, camiseta UV e rash",,,,,False,False,False,,,,camiseta lycra surf protecao solar
camiseta para kitesurf,"Lycra, camiseta UV e rash",,,,,False,False,False,,,,camiseta para kitesurf
camiseta para stand up paddle,"Lycra, camiseta UV e rash",,,,,False,False,False,,,,camiseta para stand up paddle
camiseta segunda pele surf,"Lycra, camiseta UV e rash",,,,,False,False,False,,,,camiseta segunda pele surf
camiseta surf com capuz,"Lycra, camiseta UV e rash",,,,,False,False,False,,,,camiseta surf com capuz
camiseta térmica surf,"Lycra, camiseta UV e rash",0.0,0.0,0.0,,False,False,False,0.0,0.0,camiseta termica surf,camiseta termica surf
camiseta uv folgada,"Lycra, camiseta UV e rash",,,,,False,False,False,,,,camiseta uv folgada
camiseta uv para criança,"Lycra, camiseta UV e rash",0.0,0.0,0.0,,False,False,False,0.0,0.0,,camiseta uv para crianca
camiseta uv slim,"Lycra, camiseta UV e rash",,,,,False,False,False,,,,camiseta uv slim
comprar lycra de surf,"Lycra, camiseta UV e rash",0.0,0.0,0.0,,False,False,False,0.0,0.0,,comprar lycra de surf
lycra de surf pode usar na piscina,"Lycra, camiseta UV e rash",,,,,False,False,False,,,,lycra de surf pode usar na piscina
lycra de surf preço,"Lycra, camiseta UV e rash",,,,,False,False,False,,,,lycra de surf preco
lycra infantil praia,"Lycra, camiseta UV e rash",,,,,False,False,False,,,,lycra infantil praia
lycra manga curta surf,"Lycra, camiseta UV e rash",0.0,0.0,0.0,,False,False,False,0.0,0.0,,lycra manga curta surf
lycra manga longa infantil,"Lycra, camiseta UV e rash",,,,,False,False,False,,,,lycra manga longa infantil
lycra surf tamanho,"Lycra, camiseta UV e rash",,,,,False,False,False,,,,lycra surf tamanho
lycra uv infantil,"Lycra, camiseta UV e rash",0.0,0.0,0.0,,False,False,False,0.0,0.0,,lycra uv infantil
melhor lycra para surf,"Lycra, camiseta UV e rash",,,,,False,False,False,,,,melhor lycra para surf
proteção uv roupa surf,"Lycra, camiseta UV e rash",,,,,False,False,False,,,,protecao uv roupa surf
roupa anti uv praia,"Lycra, camiseta UV e rash",,,,,False,False,False,,,,roupa anti uv praia
roupa uv50,"Lycra, camiseta UV e rash",,,,,False,False,False,,,,roupa uv50
blusa para agua fria,"Lycra, camiseta UV e rash",,,,,False,False,False,,,,blusa para agua fria
camisa de borracha para surf,"Lycra, camiseta UV e rash",,,,,False,False,False,,,,camisa de borracha para surf
camiseta para agua fria,"Lycra, camiseta UV e rash",,,,,False,False,False,,,,camiseta para agua fria
camiseta termica para agua fria,"Lycra, camiseta UV e rash",,,,,False,False,False,,,,camiseta termica para agua fria
camiseta termica para surf,"Lycra, camiseta UV e rash",0.0,0.0,0.0,,False,False,False,0.0,0.0,,camiseta termica para surf
segunda pele para agua,"Lycra, camiseta UV e rash",,,,,False,False,False,,,,segunda pele para agua
segunda pele para surf,"Lycra, camiseta UV e rash",0.0,0.0,0.0,,False,False,False,0.0,0.0,,segunda pele para surf
maio de praia,Maio,18100.0,27.0,0.15,Commercial,False,False,False,524.9,419.9,,maio de praia
maio feminino,Maio,12100.0,25.0,0.12,Commercial,False,False,False,350.9,280.7,,maio feminino
maio manga longa,Maio,1900.0,12.0,0.16,Commercial,False,False,False,93.1,74.5,,maio manga longa
maio cavado,Maio,2900.0,27.0,0.14,Commercial,True,False,False,84.1,67.3,,maio cavado
maiô manga longa,Maio,1300.0,11.0,0.18,"Informational, Commercial",False,False,False,63.7,31.9,maio manga longa,maio manga longa
maio com bojo,Maio,2400.0,21.0,0.13,Informational,False,False,False,69.6,17.4,,maio com bojo
maio de surf,Maio,390.0,10.0,0.14,Commercial,False,False,False,19.1,15.3,,maio de surf
maio surf feminino,Maio,590.0,21.0,0.13,Commercial,False,False,False,17.1,13.7,,maio surf feminino
maio para surf,Maio,590.0,22.0,0.14,"Informational, Commercial",False,False,False,17.1,8.6,,maio para surf
maio surfista feminino,Maio,320.0,20.0,0.13,Commercial,False,False,False,9.3,7.4,,maio surfista feminino
maiô de surf,Maio,260.0,21.0,0.13,Commercial,False,False,False,7.5,6.0,maio de surf,maio de surf
maiô surf,Maio,390.0,20.0,0.14,"Informational, Commercial",False,False,False,11.3,5.7,maio surf,maio surf
maio de surf feminino,Maio,140.0,13.0,0.1,Commercial,False,False,False,6.9,5.5,maiô de surf feminino,maio de surf feminino
maio surf,Maio,720.0,15.0,0.15,Informational,False,False,False,20.9,5.2,,maio surf
maio para surfar,Maio,210.0,24.0,0.15,Commercial,True,False,False,6.1,4.9,,maio para surfar
maio surfista,Maio,110.0,13.0,0.15,Commercial,False,False,False,5.4,4.3,,maio surfista
maiô gola alta,Maio,170.0,14.0,0.2,"Informational, Commercial",True,False,False,8.3,4.2,,maio gola alta
maio de banho feminino,Maio,170.0,24.0,0.14,Commercial,True,False,False,4.9,3.9,,maio de banho feminino
maio esportivo,Maio,170.0,18.0,0.1,Commercial,False,False,False,4.9,3.9,,maio esportivo
maiô de surf feminino,Maio,170.0,19.0,0.1,Commercial,False,False,False,4.9,3.9,,maio de surf feminino
maiô de surfista feminino,Maio,170.0,21.0,0.12,Commercial,False,False,False,4.9,3.9,,maio de surfista feminino
maio manga longa proteção uv,Maio,140.0,21.0,0.11,Commercial,True,False,False,4.1,3.3,,maio manga longa protecao uv
maios esportivos,Maio,140.0,22.0,0.15,Commercial,False,False,False,4.1,3.3,,maios esportivos
maio com proteção uv,Maio,260.0,10.0,0.13,Informational,False,False,False,12.7,3.2,,maio com protecao uv
maiô surf feminino,Maio,140.0,0.0,0.13,,False,False,False,6.9,2.8,maio surf feminino,maio surf feminino
maio gola alta,Maio,110.0,2.0,0.2,"Informational, Commercial",False,False,False,5.4,2.7,maiô gola alta,maio gola alta
maio com ziper,Maio,170.0,10.0,0.15,Informational,False,False,False,8.3,2.1,,maio com ziper
maio esportivo feminino,Maio,110.0,18.0,0.1,"Informational, Commercial",False,False,False,3.2,1.6,,maio esportivo feminino
maio manga longa surf,Maio,110.0,17.0,0.13,"Informational, Commercial",False,False,False,3.2,1.6,,maio manga longa surf
body surf feminino,Maio,110.0,7.0,0.32,Informational,False,False,False,5.4,1.4,,body surf feminino
maiô para surf,Maio,70.0,0.0,0.14,,False,False,False,3.4,1.4,maio para surf,maio para surf
maiô surfista,Maio,50.0,0.0,0.14,,False,False,False,2.5,1.0,maio surfista,maio surfista
maio com proteção solar,Maio,30.0,0.0,0.2,,False,False,False,1.5,0.6,,maio com protecao solar
maio com ziper frontal,Maio,30.0,0.0,0.12,,False,False,False,1.5,0.6,,maio com ziper frontal
maio de surf infantil,Maio,20.0,0.0,0.0,,False,False,False,1.0,0.4,,maio de surf infantil
maio de surfe,Maio,20.0,0.0,0.11,,False,False,False,1.0,0.4,,maio de surfe
maio fitness,Maio,20.0,0.0,0.22,,False,False,False,1.0,0.4,,maio fitness
maio frente única,Maio,20.0,0.0,0.15,,False,False,False,1.0,0.4,,maio frente unica
maio para academia,Maio,20.0,0.0,0.1,,False,False,False,1.0,0.4,,maio para academia
maio para kitesurf,Maio,20.0,0.0,0.2,,False,False,False,1.0,0.4,,maio para kitesurf
maio surf manga curta,Maio,20.0,0.0,0.11,,False,False,False,1.0,0.4,,maio surf manga curta
body de surf feminino,Maio,0.0,0.0,0.0,,False,False,False,0.0,0.0,,body de surf feminino
comprar maio de surf,Maio,0.0,0.0,0.0,,False,False,False,0.0,0.0,,comprar maio de surf
maio com bojo removível,Maio,0.0,0.0,0.0,,False,False,False,0.0,0.0,,maio com bojo removivel
maio de competição surf,Maio,,,,,False,False,False,,,,maio de competicao surf
maio de surf barato,Maio,,,,,False,False,False,,,,maio de surf barato
maio de surf com forro,Maio,,,,,False,False,False,,,,maio de surf com forro
maio de surf nacional,Maio,,,,,False,False,False,,,,maio de surf nacional
maio de surf preço,Maio,,,,,False,False,False,,,,maio de surf preco
maio de surf tamanho grande,Maio,,,,,False,False,False,,,,maio de surf tamanho grande
maio feminino esportivo,Maio,,,,,False,False,False,,,,maio feminino esportivo
maio infantil surf,Maio,,,,,False,False,False,,,,maio infantil surf
maio ou biquini para surfar,Maio,,,,,False,False,False,,,,maio ou biquini para surfar
maio para praia esportivo,Maio,,,,,False,False,False,,,,maio para praia esportivo
maio para stand up paddle,Maio,,,,,False,False,False,,,,maio para stand up paddle
maio para sup,Maio,,,,,False,False,False,,,,maio para sup
maio preto surf,Maio,0.0,0.0,0.0,,False,False,False,0.0,0.0,,maio preto surf
maio proteção uv50,Maio,,,,,False,False,False,,,,maio protecao uv50
maio que não marca,Maio,,,,,False,False,False,,,,maio que nao marca
maio que não sai no surf,Maio,,,,,False,False,False,,,,maio que nao sai no surf
maio surf alta compressão,Maio,,,,,False,False,False,,,,maio surf alta compressao
maio surf colorido,Maio,,,,,False,False,False,,,,maio surf colorido
maio surf com manga,Maio,,,,,False,False,False,,,,maio surf com manga
maio surf estampado,Maio,,,,,False,False,False,,,,maio surf estampado
maio surf preto,Maio,,,,,False,False,False,,,,maio surf preto
maio uv50,Maio,0.0,0.0,0.0,,False,False,False,0.0,0.0,,maio uv50
maio ziper frontal surf,Maio,,,,,False,False,False,,,,maio ziper frontal surf
maiô para surfar,Maio,0.0,0.0,0.0,,False,False,False,0.0,0.0,maio para surfar,maio para surfar
melhor maio para surfar,Maio,,,,,False,False,False,,,,melhor maio para surfar
roupa de surf feminina maio,Maio,,,,,False,False,False,,,,roupa de surf feminina maio
use zero hora,Marca Use Zero Hora,50.0,0.0,0.0,,False,False,False,2.5,1.0,,use zero hora
zero hora surf,Marca Use Zero Hora,20.0,0.0,0.0,,False,False,False,1.0,0.4,,zero hora surf
comprar use zero hora,Marca Use Zero Hora,,,,,False,False,False,,,,comprar use zero hora
loja use zero hora,Marca Use Zero Hora,,,,,False,False,False,,,,loja use zero hora
marca use zero hora,Marca Use Zero Hora,,,,,False,False,False,,,,marca use zero hora
surf zero hora,Marca Use Zero Hora,0.0,0.0,0.0,,False,False,False,0.0,0.0,,surf zero hora
use zero hora avaliações,Marca Use Zero Hora,,,,,False,False,False,,,,use zero hora avaliacoes
use zero hora biquini,Marca Use Zero Hora,,,,,False,False,False,,,,use zero hora biquini
use zero hora cupom,Marca Use Zero Hora,,,,,False,False,False,,,,use zero hora cupom
use zero hora frete,Marca Use Zero Hora,,,,,False,False,False,,,,use zero hora frete
use zero hora instagram,Marca Use Zero Hora,,,,,False,False,False,,,,use zero hora instagram
use zero hora loja,Marca Use Zero Hora,,,,,False,False,False,,,,use zero hora loja
use zero hora lycra,Marca Use Zero Hora,,,,,False,False,False,,,,use zero hora lycra
use zero hora maio,Marca Use Zero Hora,,,,,False,False,False,,,,use zero hora maio
use zero hora poncho,Marca Use Zero Hora,,,,,False,False,False,,,,use zero hora poncho
use zero hora surf,Marca Use Zero Hora,,,,,False,False,False,,,,use zero hora surf
use zero hora tamanhos,Marca Use Zero Hora,,,,,False,False,False,,,,use zero hora tamanhos
use zero hora troca,Marca Use Zero Hora,,,,,False,False,False,,,,use zero hora troca
use zero hora é confiável,Marca Use Zero Hora,,,,,False,False,False,,,,use zero hora e confiavel
usezerohora,Marca Use Zero Hora,0.0,0.0,0.0,,False,False,False,0.0,0.0,,usezerohora
usezerohora.com.br,Marca Use Zero Hora,,,,,False,False,False,,,,usezerohora.com.br
zero hora beachwear,Marca Use Zero Hora,,,,,False,False,False,,,,zero hora beachwear
zero hora lycra surf,Marca Use Zero Hora,,,,,False,False,False,,,,zero hora lycra surf
zero hora maio de surf,Marca Use Zero Hora,,,,,False,False,False,,,,zero hora maio de surf
zero hora moda praia,Marca Use Zero Hora,,,,,False,False,False,,,,zero hora moda praia
zero hora neoprene,Marca Use Zero Hora,,,,,False,False,False,,,,zero hora neoprene
zero hora poncho surf,Marca Use Zero Hora,,,,,False,False,False,,,,zero hora poncho surf
zero hora roupa de praia,Marca Use Zero Hora,,,,,False,False,False,,,,zero hora roupa de praia
zero hora sunkini,Marca Use Zero Hora,,,,,False,False,False,,,,zero hora sunkini
zero hora surfwear,Marca Use Zero Hora,,,,,False,False,False,,,,zero hora surfwear
bermuda use zero hora,Marca Use Zero Hora,,,,,False,False,False,,,,bermuda use zero hora
camiseta neoprene use zero hora,Marca Use Zero Hora,,,,,False,False,False,,,,camiseta neoprene use zero hora
sapatilha use zero hora,Marca Use Zero Hora,,,,,False,False,False,,,,sapatilha use zero hora
use zero hora neoprene,Marca Use Zero Hora,,,,,False,False,False,,,,use zero hora neoprene
roupa de praia masculina,Moda praia e surfwear,2400.0,21.0,0.16,Commercial,True,False,False,69.6,55.7,,roupa de praia masculina
moda praia masculina,Moda praia e surfwear,1900.0,29.0,0.17,Commercial,False,False,False,55.1,44.1,,moda praia masculina
roupa de surf,Moda praia e surfwear,1600.0,21.0,0.12,Commercial,True,False,False,46.4,37.1,,roupa de surf
roupa de praia feminina,Moda praia e surfwear,2900.0,36.0,0.13,Commercial,True,True,False,29.0,23.2,,roupa de praia feminina
roupa de surf masculina,Moda praia e surfwear,590.0,11.0,0.11,Commercial,True,False,False,28.9,23.1,,roupa de surf masculina
roupa de surfista,Moda praia e surfwear,590.0,11.0,0.12,Commercial,True,False,False,28.9,23.1,,roupa de surfista
moda praia feminina,Moda praia e surfwear,2400.0,49.0,0.18,Commercial,True,False,False,24.0,19.2,,moda praia feminina
roupas para surfar,Moda praia e surfwear,590.0,16.0,0.1,Commercial,True,True,False,17.1,13.7,,roupas para surfar
roupa de surfista masculina,Moda praia e surfwear,320.0,12.0,0.13,Commercial,True,False,False,15.7,12.6,,roupa de surfista masculina
john surf,Moda praia e surfwear,260.0,13.0,0.16,Commercial,True,False,False,12.7,10.2,,john surf
roupas de surf masculina,Moda praia e surfwear,320.0,17.0,0.13,Commercial,False,False,False,9.3,7.4,,roupas de surf masculina
surf shop,Moda praia e surfwear,880.0,33.0,0.19,Commercial,False,False,False,8.8,7.0,,surf shop
moda praia 2026,Moda praia e surfwear,880.0,18.0,0.14,Informational,True,False,False,25.5,6.4,,moda praia 2026
surf feminino,Moda praia e surfwear,260.0,19.0,0.21,Commercial,True,True,False,7.5,6.0,,surf feminino
loja de surf,Moda praia e surfwear,2400.0,50.0,0.11,Commercial,False,False,False,7.2,5.8,,loja de surf
marcas de surfista,Moda praia e surfwear,140.0,8.0,0.13,Commercial,True,True,False,6.9,5.5,,marcas de surfista
roupa de surfista feminina,Moda praia e surfwear,140.0,11.0,0.11,Commercial,True,False,False,6.9,5.5,,roupa de surfista feminina
roupa para praia,Moda praia e surfwear,590.0,22.0,0.13,Informational,True,False,False,17.1,4.3,,roupa para praia
roupa para surfar,Moda praia e surfwear,110.0,11.0,0.1,Commercial,True,True,False,5.4,4.3,,roupa para surfar
roupas de surf feminina,Moda praia e surfwear,110.0,8.0,0.11,Commercial,False,False,False,5.4,4.3,,roupas de surf feminina
surfwear,Moda praia e surfwear,590.0,26.0,0.18,Informational,True,True,False,17.1,4.3,,surfwear
long surf,Moda praia e surfwear,140.0,7.0,0.08,"Informational, Commercial",True,False,False,6.9,3.5,,long surf
surf suit,Moda praia e surfwear,90.0,14.0,0.94,Commercial,True,False,False,4.4,3.5,,surf suit
marcas de roupa de surf,Moda praia e surfwear,140.0,17.0,0.12,Commercial,True,True,False,4.1,3.3,,marcas de roupa de surf
loja de surfwear,Moda praia e surfwear,140.0,0.0,0.14,,False,False,False,6.9,2.8,,loja de surfwear
loja roupa de surf,Moda praia e surfwear,110.0,27.0,0.15,Commercial,False,False,False,3.2,2.6,,loja roupa de surf
moda surf masculina,Moda praia e surfwear,110.0,21.0,0.15,Commercial,False,False,False,3.2,2.6,,moda surf masculina
roupa para piscina masculino,Moda praia e surfwear,140.0,23.0,0.08,"Informational, Commercial",True,True,False,4.1,2.0,,roupa para piscina masculino
marcas de surfwear,Moda praia e surfwear,140.0,10.0,0.13,Informational,True,True,False,6.9,1.7,,marcas de surfwear
roupas de piscina masculino,Moda praia e surfwear,110.0,21.0,0.09,"Informational, Commercial",True,False,False,3.2,1.6,,roupas de piscina masculino
loja de surf online,Moda praia e surfwear,70.0,0.0,0.21,,False,False,False,3.4,1.4,,loja de surf online
protetor solar para surf,Moda praia e surfwear,70.0,0.0,0.21,,False,False,False,3.4,1.4,,protetor solar para surf
surfwear masculino,Moda praia e surfwear,70.0,0.0,0.2,,False,False,False,3.4,1.4,,surfwear masculino
roupa de surf john,Moda praia e surfwear,70.0,0.0,0.16,,False,False,False,3.4,1.4,,roupa de surf john
look de praia feminino,Moda praia e surfwear,390.0,30.0,0.13,Informational,True,False,False,3.9,1.0,,look de praia feminino
marca de surf brasileira,Moda praia e surfwear,30.0,0.0,0.18,,False,False,False,1.5,0.6,,marca de surf brasileira
bota de surf,Moda praia e surfwear,30.0,0.0,0.08,,False,False,False,1.5,0.6,,bota de surf
moda praia brasileira,Moda praia e surfwear,20.0,0.0,0.24,,False,False,False,1.0,0.4,,moda praia brasileira
moda praia surf,Moda praia e surfwear,20.0,0.0,0.0,,False,False,False,1.0,0.4,,moda praia surf
bota para surf,Moda praia e surfwear,20.0,0.0,0.03,,False,False,False,1.0,0.4,,bota para surf
calcado para praia,Moda praia e surfwear,20.0,0.0,0.07,,False,False,False,1.0,0.4,,calcado para praia
marcas brasileiras de moda praia,Moda praia e surfwear,0.0,0.0,0.0,,False,False,False,0.0,0.0,,marcas brasileiras de moda praia
melhor tecido para roupa de praia,Moda praia e surfwear,,,,,False,False,False,,,,melhor tecido para roupa de praia
moda praia esportiva,Moda praia e surfwear,0.0,0.0,0.0,,False,False,False,0.0,0.0,,moda praia esportiva
roupa de praia que não desbota,Moda praia e surfwear,,,,,False,False,False,,,,roupa de praia que nao desbota
roupa de praia que não marca,Moda praia e surfwear,,,,,False,False,False,,,,roupa de praia que nao marca
roupa de praia sustentável,Moda praia e surfwear,,,,,False,False,False,,,,roupa de praia sustentavel
roupa para surfar iniciante,Moda praia e surfwear,,,,,False,False,False,,,,roupa para surfar iniciante
sessão de surf de manhã,Moda praia e surfwear,,,,,False,False,False,,,,sessao de surf de manha
surf ao amanhecer,Moda praia e surfwear,0.0,0.0,0.0,,False,False,False,0.0,0.0,,surf ao amanhecer
surf de madrugada,Moda praia e surfwear,,,,,False,False,False,,,,surf de madrugada
surf feminino iniciante,Moda praia e surfwear,0.0,0.0,0.0,,False,False,False,0.0,0.0,,surf feminino iniciante
surf para iniciantes praia,Moda praia e surfwear,0.0,0.0,0.0,,False,False,False,0.0,0.0,,surf para iniciantes praia
jaqueta para surf,Moda praia e surfwear,0.0,0.0,0.0,,False,False,False,0.0,0.0,,jaqueta para surf
meia de surf,Moda praia e surfwear,0.0,0.0,0.14,,False,False,False,0.0,0.0,,meia de surf
meia para surf,Moda praia e surfwear,0.0,0.0,0.0,,False,False,False,0.0,0.0,,meia para surf
roupa para agua fria,Moda praia e surfwear,0.0,0.0,0.0,,False,False,False,0.0,0.0,,roupa para agua fria
roupa para esportes aquaticos,Moda praia e surfwear,,,,,False,False,False,,,,roupa para esportes aquaticos
calcado aquatico,Nao classificado,70.0,0.0,0.06,,False,False,False,3.4,1.4,,calcado aquatico
calcado para agua,Nao classificado,20.0,0.0,0.04,,False,False,False,1.0,0.4,,calcado para agua
calcado para esportes aquaticos,Nao classificado,,,,,False,False,False,,,,calcado para esportes aquaticos
maio natação feminino,Natacao e mergulho (adj.),5400.0,24.0,0.08,Commercial,True,False,False,156.6,125.3,,maio natacao feminino
roupa de mergulho,Natacao e mergulho (adj.),6600.0,24.0,0.05,Informational,True,False,False,191.4,47.9,,roupa de mergulho
roupa de natação,Natacao e mergulho (adj.),1900.0,16.0,0.09,Commercial,True,False,False,55.1,44.1,,roupa de natacao
bermuda natação,Natacao e mergulho (adj.),1000.0,9.0,0.09,Commercial,True,False,False,49.0,39.2,,bermuda natacao
bermuda natação masculina,Natacao e mergulho (adj.),1000.0,9.0,0.08,Commercial,False,False,False,49.0,39.2,,bermuda natacao masculina
maio para hidroginastica,Natacao e mergulho (adj.),1600.0,24.0,0.09,Commercial,True,False,False,46.4,37.1,,maio para hidroginastica
maio para natação,Natacao e mergulho (adj.),1600.0,19.0,0.1,Commercial,True,False,False,46.4,37.1,,maio para natacao
bermuda para natação,Natacao e mergulho (adj.),880.0,13.0,0.08,Commercial,True,False,False,43.1,34.5,,bermuda para natacao
roupas para natacao,Natacao e mergulho (adj.),880.0,12.0,0.08,Commercial,True,False,False,43.1,34.5,,roupas para natacao
bermuda para natação masculina,Natacao e mergulho (adj.),720.0,11.0,0.08,Commercial,True,False,False,35.3,28.2,,bermuda para natacao masculina
roupas de natacao,Natacao e mergulho (adj.),720.0,14.0,0.09,Commercial,True,False,False,35.3,28.2,,roupas de natacao
roupas de mergulho feminina,Natacao e mergulho (adj.),1000.0,16.0,0.08,Commercial,True,False,False,29.0,23.2,,roupas de mergulho feminina
bermuda de natacao masculina,Natacao e mergulho (adj.),590.0,8.0,0.08,Commercial,False,False,False,28.9,23.1,,bermuda de natacao masculina
roupa feminina natação,Natacao e mergulho (adj.),590.0,9.0,0.08,Commercial,False,False,False,28.9,23.1,,roupa feminina natacao
bermuda natacao,Natacao e mergulho (adj.),480.0,9.0,0.09,Commercial,True,False,False,23.5,18.8,bermuda natação,bermuda natacao
short natação masculino,Natacao e mergulho (adj.),720.0,15.0,0.08,Commercial,True,False,False,20.9,16.7,,short natacao masculino
roupa neoprene natação,Natacao e mergulho (adj.),390.0,12.0,0.15,Commercial,True,False,False,19.1,15.3,,roupa neoprene natacao
roupa neoprene para natação,Natacao e mergulho (adj.),390.0,8.0,0.11,Commercial,True,False,False,19.1,15.3,,roupa neoprene para natacao
short para natação masculino,Natacao e mergulho (adj.),390.0,10.0,0.11,Commercial,True,False,False,19.1,15.3,,short para natacao masculino
roupa de natação masculina,Natacao e mergulho (adj.),590.0,9.0,0.08,"Informational, Commercial",True,False,False,28.9,14.4,,roupa de natacao masculina
short de natação,Natacao e mergulho (adj.),590.0,11.0,0.07,"Informational, Commercial",True,False,False,28.9,14.4,,short de natacao
roupa de borracha natação,Natacao e mergulho (adj.),320.0,10.0,0.16,Commercial,True,False,False,15.7,12.6,,roupa de borracha natacao
roupa de borracha para natação,Natacao e mergulho (adj.),320.0,7.0,0.12,Commercial,True,True,False,15.7,12.6,,roupa de borracha para natacao
roupa de mergulho profissional,Natacao e mergulho (adj.),320.0,7.0,0.06,Commercial,True,False,False,15.7,12.6,,roupa de mergulho profissional
roupas de mergulho masculino,Natacao e mergulho (adj.),480.0,21.0,0.05,Commercial,True,False,False,13.9,11.1,,roupas de mergulho masculino
roupa para natação,Natacao e mergulho (adj.),880.0,9.0,0.08,Informational,False,False,False,43.1,10.8,,roupa para natacao
acessorios para natação,Natacao e mergulho (adj.),260.0,11.0,0.05,Commercial,True,False,False,12.7,10.2,,acessorios para natacao
neoprene para natação,Natacao e mergulho (adj.),260.0,11.0,0.1,Commercial,True,False,False,12.7,10.2,,neoprene para natacao
traje de natação masculino,Natacao e mergulho (adj.),260.0,6.0,0.1,Commercial,True,False,False,12.7,10.2,,traje de natacao masculino
loja de natação perto de mim,Natacao e mergulho (adj.),320.0,21.0,0.09,Transactional,True,False,False,9.3,9.3,,loja de natacao perto de mim
roupa de natação infantil,Natacao e mergulho (adj.),590.0,21.0,0.06,"Informational, Commercial",True,False,False,17.1,8.6,,roupa de natacao infantil
roupa para mergulho,Natacao e mergulho (adj.),590.0,23.0,0.06,"Informational, Commercial",False,False,False,17.1,8.6,,roupa para mergulho
traje de mergulho,Natacao e mergulho (adj.),590.0,25.0,0.0,"Informational, Commercial",True,False,False,17.1,8.6,,traje de mergulho
macacão de natação feminino,Natacao e mergulho (adj.),320.0,20.0,0.06,"Informational, Transactional",True,False,False,9.3,8.4,,macacao de natacao feminino
bermuda para natacao,Natacao e mergulho (adj.),210.0,7.0,0.08,Commercial,False,True,False,10.3,8.2,bermuda para natação,bermuda para natacao
neoprene natacao,Natacao e mergulho (adj.),210.0,11.0,0.1,Commercial,True,False,False,10.3,8.2,neoprene natação,neoprene natacao
neoprene natação,Natacao e mergulho (adj.),320.0,9.0,0.1,"Informational, Commercial",True,True,False,15.7,7.8,,neoprene natacao
roupa de nadador,Natacao e mergulho (adj.),320.0,11.0,0.31,"Informational, Commercial",True,False,False,15.7,7.8,,roupa de nadador
roupa de natação masculino,Natacao e mergulho (adj.),320.0,5.0,0.08,"Informational, Commercial",False,False,False,15.7,7.8,,roupa de natacao masculino
acessorios natação,Natacao e mergulho (adj.),320.0,21.0,0.06,Commercial,True,False,False,9.3,7.4,,acessorios natacao
loja de natacao,Natacao e mergulho (adj.),320.0,28.0,0.08,Commercial,False,False,False,9.3,7.4,,loja de natacao
acessorios para natacao,Natacao e mergulho (adj.),170.0,10.0,0.06,Commercial,True,True,False,8.3,6.6,acessorios para natação,acessorios para natacao
calção de natação,Natacao e mergulho (adj.),170.0,10.0,0.06,Commercial,True,False,False,8.3,6.6,,calcao de natacao
roupa de natacao feminina,Natacao e mergulho (adj.),170.0,6.0,0.09,Commercial,False,False,False,8.3,6.6,,roupa de natacao feminina
roupa neoprene natacao,Natacao e mergulho (adj.),170.0,7.0,0.11,Commercial,False,False,False,8.3,6.6,roupa neoprene natação,roupa neoprene natacao
traje de natacao,Natacao e mergulho (adj.),170.0,9.0,0.15,Commercial,False,True,False,8.3,6.6,traje de natação,traje de natacao
traje natação feminino,Natacao e mergulho (adj.),170.0,12.0,0.18,Commercial,True,False,False,8.3,6.6,,traje natacao feminino
loja de natação,Natacao e mergulho (adj.),260.0,29.0,0.12,Commercial,True,False,False,7.5,6.0,loja de natacao,loja de natacao
macacao para natacao feminina,Natacao e mergulho (adj.),260.0,17.0,0.06,Commercial,False,True,False,7.5,6.0,,macacao para natacao feminina
roupa de neoprene para natação,Natacao e mergulho (adj.),260.0,16.0,0.11,Commercial,True,True,False,7.5,6.0,,roupa de neoprene para natacao
roupa de natacao masculina,Natacao e mergulho (adj.),140.0,11.0,0.08,Commercial,True,False,False,6.9,5.5,roupa de natação masculina,roupa de natacao masculina
bermuda neoprene natação,Natacao e mergulho (adj.),210.0,8.0,0.17,"Informational, Commercial",True,False,False,10.3,5.2,,bermuda neoprene natacao
traje arena feminino,Natacao e mergulho (adj.),210.0,13.0,0.16,"Informational, Commercial",False,False,False,10.3,5.2,,traje arena feminino
traje de natação,Natacao e mergulho (adj.),210.0,4.0,0.16,"Informational, Commercial",False,False,False,10.3,5.2,,traje de natacao
macacao natacao,Natacao e mergulho (adj.),210.0,18.0,0.06,Commercial,False,False,False,6.1,4.9,,macacao natacao
maiô natação masculino,Natacao e mergulho (adj.),210.0,22.0,0.07,Commercial,True,False,False,6.1,4.9,,maio natacao masculino
calção para natação,Natacao e mergulho (adj.),110.0,8.0,0.07,Commercial,False,False,False,5.4,4.3,,calcao para natacao
roupa mergulho neoprene,Natacao e mergulho (adj.),110.0,6.0,0.09,Commercial,False,False,False,5.4,4.3,,roupa mergulho neoprene
short nataçao,Natacao e mergulho (adj.),110.0,8.0,0.1,Commercial,False,False,False,5.4,4.3,short natacao,short natacao
traje para natação,Natacao e mergulho (adj.),110.0,8.0,0.16,Commercial,True,False,False,5.4,4.3,,traje para natacao
roupa termica natação,Natacao e mergulho (adj.),170.0,23.0,0.06,Commercial,True,False,False,4.9,3.9,,roupa termica natacao
roupa termica para natação,Natacao e mergulho (adj.),170.0,19.0,0.06,Commercial,True,False,False,4.9,3.9,,roupa termica para natacao
short natacao,Natacao e mergulho (adj.),170.0,17.0,0.1,Commercial,True,False,False,4.9,3.9,,short natacao
camiseta natação,Natacao e mergulho (adj.),260.0,22.0,0.09,"Informational, Commercial",True,False,False,7.5,3.8,,camiseta natacao
equipamentos para natacao,Natacao e mergulho (adj.),260.0,22.0,0.07,"Informational, Commercial",True,False,False,7.5,3.8,,equipamentos para natacao
sapatilha de mergulho,Natacao e mergulho (adj.),260.0,20.0,0.05,"Informational, Commercial",True,False,False,7.5,3.8,,sapatilha de mergulho
natação masculina,Natacao e mergulho (adj.),90.0,10.0,0.08,Commercial,True,False,False,4.4,3.5,,natacao masculina
roupa de natação infantil masculino,Natacao e mergulho (adj.),140.0,9.0,0.04,"Informational, Commercial",True,False,False,6.9,3.5,,roupa de natacao infantil masculino
roupa para mergulho neoprene,Natacao e mergulho (adj.),90.0,7.0,0.1,Commercial,False,False,False,4.4,3.5,,roupa para mergulho neoprene
roupas de mergulho 5mm,Natacao e mergulho (adj.),90.0,5.0,0.06,Commercial,False,False,False,4.4,3.5,,roupas de mergulho 5mm
shorts para natação,Natacao e mergulho (adj.),90.0,12.0,0.08,Commercial,True,False,False,4.4,3.5,,shorts para natacao
camiseta para natação,Natacao e mergulho (adj.),140.0,21.0,0.07,Commercial,True,False,False,4.1,3.3,,camiseta para natacao
macacao para natacao,Natacao e mergulho (adj.),140.0,16.0,0.1,Commercial,True,False,False,4.1,3.3,,macacao para natacao
material para natacao,Natacao e mergulho (adj.),140.0,28.0,0.07,Commercial,True,False,False,4.1,3.3,,material para natacao
roupa de neoprene natação,Natacao e mergulho (adj.),260.0,8.0,0.1,Informational,True,False,False,12.7,3.2,,roupa de neoprene natacao
camisa natação masculina,Natacao e mergulho (adj.),110.0,21.0,0.07,"Informational, Transactional",False,False,False,3.2,2.9,,camisa natacao masculina
calção de natação masculino,Natacao e mergulho (adj.),110.0,8.0,0.05,"Informational, Commercial",True,False,False,5.4,2.7,,calcao de natacao masculino
artigos para natação,Natacao e mergulho (adj.),110.0,29.0,0.08,Commercial,True,False,False,3.2,2.6,,artigos para natacao
calcao natacao,Natacao e mergulho (adj.),110.0,16.0,0.07,Commercial,True,False,False,3.2,2.6,,calcao natacao
camisa neoprene natação,Natacao e mergulho (adj.),110.0,23.0,0.08,Commercial,True,False,False,3.2,2.6,,camisa neoprene natacao
camisa neoprene para natação,Natacao e mergulho (adj.),110.0,16.0,0.09,Commercial,True,False,False,3.2,2.6,,camisa neoprene para natacao
camisa termica natação,Natacao e mergulho (adj.),110.0,22.0,0.05,Commercial,True,False,False,3.2,2.6,,camisa termica natacao
macacão de mergulho,Natacao e mergulho (adj.),170.0,27.0,0.03,"Informational, Commercial",True,False,False,4.9,2.5,,macacao de mergulho
maio masculino natação,Natacao e mergulho (adj.),170.0,21.0,0.07,"Informational, Commercial",True,False,False,4.9,2.5,,maio masculino natacao
roupa para natacao masculina,Natacao e mergulho (adj.),90.0,13.0,0.08,"Informational, Commercial",True,True,False,4.4,2.2,,roupa para natacao masculina
acessorios natacao,Natacao e mergulho (adj.),90.0,20.0,0.06,Commercial,False,False,False,2.6,2.1,acessorios natação,acessorios natacao
loja de roupa de natação,Natacao e mergulho (adj.),90.0,21.0,0.16,Commercial,False,False,False,2.6,2.1,,loja de roupa de natacao
macacão de natação masculino,Natacao e mergulho (adj.),140.0,16.0,0.07,"Informational, Commercial",True,False,False,4.1,2.0,,macacao de natacao masculino
equipamentos para natação,Natacao e mergulho (adj.),260.0,24.0,0.07,Informational,True,True,False,7.5,1.9,equipamentos para natacao,equipamentos para natacao
roupa para natação infantil,Natacao e mergulho (adj.),260.0,16.0,0.06,Informational,True,False,False,7.5,1.9,,roupa para natacao infantil
roupa de nadar,Natacao e mergulho (adj.),140.0,10.0,0.13,Informational,True,False,False,6.9,1.7,,roupa de nadar
poncho natação,Natacao e mergulho (adj.),110.0,16.0,0.1,"Informational, Commercial",True,False,False,3.2,1.6,,poncho natacao
acessórios natação,Natacao e mergulho (adj.),110.0,18.0,0.05,"Informational, Commercial",True,True,False,3.2,1.6,acessorios natação,acessorios natacao
blusa para natação,Natacao e mergulho (adj.),110.0,21.0,0.06,"Informational, Commercial",True,True,False,3.2,1.6,,blusa para natacao
equipamentos da natação,Natacao e mergulho (adj.),210.0,16.0,0.07,Informational,True,True,False,6.1,1.5,,equipamentos da natacao
maiô masculino para natação,Natacao e mergulho (adj.),210.0,21.0,0.07,Informational,True,False,False,6.1,1.5,,maio masculino para natacao
roupa de neoprene para mergulho,Natacao e mergulho (adj.),70.0,0.0,0.09,,False,False,False,3.4,1.4,,roupa de neoprene para mergulho
material de natacao,Natacao e mergulho (adj.),170.0,34.0,0.07,Commercial,True,False,False,1.7,1.4,,material de natacao
roupas de natação masculina,Natacao e mergulho (adj.),70.0,0.0,0.07,,False,False,False,3.4,1.4,,roupas de natacao masculina
short natacao masculino,Natacao e mergulho (adj.),70.0,0.0,0.08,,False,False,False,3.4,1.4,short natação masculino,short natacao masculino
calça de natação,Natacao e mergulho (adj.),90.0,21.0,0.08,"Informational, Commercial",True,False,False,2.6,1.3,,calca de natacao
roupa para nadar,Natacao e mergulho (adj.),90.0,15.0,0.06,"Informational, Commercial",True,True,False,2.6,1.3,,roupa para nadar
material para natação,Natacao e mergulho (adj.),140.0,22.0,0.07,Informational,True,True,False,4.1,1.0,material para natacao,material para natacao
natação materiais,Natacao e mergulho (adj.),140.0,18.0,0.07,Informational,True,True,False,4.1,1.0,,natacao materiais
artigos de natação,Natacao e mergulho (adj.),110.0,36.0,0.09,Commercial,False,False,False,1.1,0.9,,artigos de natacao
acessórios para natação,Natacao e mergulho (adj.),110.0,18.0,0.06,Informational,True,True,False,3.2,0.8,acessorios para natação,acessorios para natacao
camisa de neoprene para natação,Natacao e mergulho (adj.),40.0,0.0,0.06,,False,False,False,2.0,0.8,,camisa de neoprene para natacao
roupa de borracha para natação masculino,Natacao e mergulho (adj.),40.0,0.0,0.07,,False,False,False,2.0,0.8,,roupa de borracha para natacao masculino
calça para natação,Natacao e mergulho (adj.),90.0,22.0,0.08,Informational,True,False,False,2.6,0.7,,calca para natacao
sapatilha para hidroginastica,Natacao e mergulho (adj.),90.0,21.0,0.03,Informational,True,False,False,2.6,0.7,,sapatilha para hidroginastica
roupa de natação feminina infantil,Natacao e mergulho (adj.),30.0,0.0,0.05,,False,False,False,1.5,0.6,,roupa de natacao feminina infantil
roupa de natação masculina adulto,Natacao e mergulho (adj.),30.0,0.0,0.07,,False,False,False,1.5,0.6,,roupa de natacao masculina adulto
biquini para nadar,Natacao e mergulho (adj.),20.0,0.0,0.15,,False,False,False,1.0,0.4,,biquini para nadar
camiseta para nadar,Natacao e mergulho (adj.),20.0,0.0,0.09,,False,False,False,1.0,0.4,,camiseta para nadar
poncho de natação infantil,Natacao e mergulho (adj.),20.0,0.0,0.06,,False,False,False,1.0,0.4,,poncho de natacao infantil
camisa de neoprene para mergulho,Natacao e mergulho (adj.),20.0,0.0,0.0,,False,False,False,1.0,0.4,,camisa de neoprene para mergulho
camisa neoprene mergulho,Natacao e mergulho (adj.),20.0,0.0,0.05,,False,False,False,1.0,0.4,,camisa neoprene mergulho
roupa de natação masculina neoprene,Natacao e mergulho (adj.),20.0,0.0,0.08,,False,False,False,1.0,0.4,,roupa de natacao masculina neoprene
roupa de natação masculina profissional,Natacao e mergulho (adj.),20.0,0.0,0.05,,False,False,False,1.0,0.4,,roupa de natacao masculina profissional
roupa para aula de natação masculino,Natacao e mergulho (adj.),20.0,0.0,0.07,,False,False,False,1.0,0.4,,roupa para aula de natacao masculino
sapatilha natacao,Natacao e mergulho (adj.),20.0,0.0,0.04,,False,False,False,1.0,0.4,,sapatilha natacao
sapatilha para natacao,Natacao e mergulho (adj.),20.0,0.0,0.04,,False,False,False,1.0,0.4,,sapatilha para natacao
roupa masculina de natação,Natacao e mergulho (adj.),10.0,0.0,0.07,,False,False,False,0.5,0.2,,roupa masculina de natacao
lycra para natação,Natacao e mergulho (adj.),0.0,0.0,0.0,,False,False,False,0.0,0.0,,lycra para natacao
maio esportivo natação,Natacao e mergulho (adj.),0.0,0.0,0.0,,False,False,False,0.0,0.0,,maio esportivo natacao
poncho para mergulho,Natacao e mergulho (adj.),,,,,False,False,False,,,,poncho para mergulho
poncho para natação,Natacao e mergulho (adj.),0.0,0.0,0.0,,False,False,False,0.0,0.0,,poncho para natacao
camisa mergulho mormaii manga longa neolycra,Natacao e mergulho (adj.),0.0,0.0,0.0,,False,False,False,0.0,0.0,,camisa mergulho mormaii manga longa neolycra
neoprene para natacao,Natacao e mergulho (adj.),,,,,False,False,False,,,neoprene para natação,neoprene para natacao
long john,Neoprene,2400.0,11.0,0.12,Commercial,True,False,False,117.6,94.1,,long john
long john john,Neoprene,1300.0,10.0,0.12,Commercial,True,False,False,63.7,51.0,,long john john
roupa neoprene,Neoprene,1000.0,12.0,0.1,Commercial,True,False,False,49.0,39.2,,roupa neoprene
wetsuit,Neoprene,1600.0,15.0,0.27,Commercial,True,True,False,46.4,37.1,,wetsuit
roupa de borracha,Neoprene,720.0,10.0,0.16,Commercial,True,False,False,35.3,28.2,,roupa de borracha
roupa de neoprene,Neoprene,880.0,13.0,0.09,"Informational, Commercial",True,False,False,43.1,21.6,,roupa de neoprene
roupa de borracha surf,Neoprene,480.0,10.0,0.1,Commercial,True,False,False,23.5,18.8,,roupa de borracha surf
long john masculino,Neoprene,480.0,13.0,0.1,Commercial,True,False,False,23.5,18.8,,long john masculino
roupas em neoprene,Neoprene,720.0,10.0,0.1,"Informational, Commercial",True,False,False,35.3,17.6,,roupas em neoprene
wetsuit feminino,Neoprene,390.0,12.0,0.18,Commercial,True,False,False,19.1,15.3,,wetsuit feminino
roupa de borracha para surf,Neoprene,390.0,10.0,0.09,Commercial,True,False,False,19.1,15.3,,roupa de borracha para surf
roupa de borracha para triathlon,Neoprene,390.0,5.0,0.26,Commercial,False,False,False,19.1,15.3,,roupa de borracha para triathlon
wetsuit wet,Neoprene,1600.0,33.0,0.27,Commercial,True,False,False,16.0,12.8,,wetsuit wet
jaqueta neoprene surf,Neoprene,210.0,9.0,0.12,Commercial,False,False,False,10.3,8.2,,jaqueta neoprene surf
roupas femininas neoprene,Neoprene,210.0,12.0,0.1,Commercial,True,True,False,10.3,8.2,,roupas femininas neoprene
meia de neoprene,Neoprene,320.0,7.0,0.05,"Informational, Commercial",True,False,False,15.7,7.8,,meia de neoprene
wetsuit masculino,Neoprene,170.0,8.0,0.18,Commercial,False,False,False,8.3,6.6,,wetsuit masculino
roupas de neoprene,Neoprene,170.0,10.0,0.09,Commercial,True,False,False,8.3,6.6,,roupas de neoprene
camisa neoprene surf,Neoprene,140.0,12.0,0.11,Commercial,False,False,False,6.9,5.5,,camisa neoprene surf
camisa surf neoprene,Neoprene,140.0,12.0,0.11,Commercial,True,False,False,6.9,5.5,,camisa surf neoprene
neoprene surf,Neoprene,140.0,10.0,0.1,Commercial,True,False,False,6.9,5.5,,neoprene surf
meia neoprene,Neoprene,390.0,12.0,0.07,Informational,True,True,False,19.1,4.8,,meia neoprene
long john surf,Neoprene,110.0,8.0,0.12,Commercial,True,False,False,5.4,4.3,,long john surf
jaqueta de neoprene,Neoprene,110.0,7.0,0.19,Commercial,True,False,False,5.4,4.3,,jaqueta de neoprene
neoprene feminino,Neoprene,110.0,11.0,0.11,Commercial,True,False,False,5.4,4.3,,neoprene feminino
roupa de borracha feminina,Neoprene,110.0,10.0,0.11,Commercial,True,False,False,5.4,4.3,,roupa de borracha feminina
surf long john,Neoprene,110.0,11.0,0.13,Commercial,True,False,False,5.4,4.3,,surf long john
surf neoprene suit,Neoprene,110.0,11.0,0.34,Commercial,True,False,False,5.4,4.3,,surf neoprene suit
blusa neoprene,Neoprene,170.0,12.0,0.07,"Informational, Commercial",True,False,False,8.3,4.2,,blusa neoprene
macacao neoprene,Neoprene,170.0,21.0,0.08,Commercial,True,False,False,4.9,3.9,,macacao neoprene
camisa neoprene,Neoprene,260.0,16.0,0.08,"Informational, Commercial",True,False,False,7.5,3.8,,camisa neoprene
camiseta neoprene,Neoprene,260.0,22.0,0.08,"Informational, Commercial",True,False,False,7.5,3.8,,camiseta neoprene
macacão neoprene,Neoprene,140.0,21.0,0.08,"Informational, Transactional",True,False,False,4.1,3.7,macacao neoprene,macacao neoprene
bermuda de neoprene,Neoprene,90.0,7.0,0.09,Commercial,True,False,False,4.4,3.5,,bermuda de neoprene
blusa neoprene feminina,Neoprene,140.0,14.0,0.08,"Informational, Commercial",True,False,False,6.9,3.5,,blusa neoprene feminina
camisa neoprene feminina,Neoprene,90.0,8.0,0.07,Commercial,False,False,False,4.4,3.5,,camisa neoprene feminina
colete de neoprene,Neoprene,110.0,4.0,0.13,"Informational, Commercial",True,False,False,5.4,2.7,,colete de neoprene
bermuda neoprene,Neoprene,210.0,7.0,0.11,Informational,True,False,False,10.3,2.6,,bermuda neoprene
calça de neoprene,Neoprene,90.0,7.0,0.07,"Informational, Commercial",True,False,False,4.4,2.2,,calca de neoprene
blusa de neoprene,Neoprene,90.0,19.0,0.09,Commercial,True,False,False,2.6,2.1,,blusa de neoprene
neoprene 3mm,Neoprene,110.0,19.0,0.18,"Informational, Commercial",True,False,False,3.2,1.6,,neoprene 3mm
camiseta de neoprene,Neoprene,70.0,0.0,0.06,,False,False,False,3.4,1.4,,camiseta de neoprene
roupa de neoprene feminina,Neoprene,70.0,0.0,0.13,,False,False,False,3.4,1.4,,roupa de neoprene feminina
roupa de neoprene surf,Neoprene,70.0,0.0,0.1,,False,False,False,3.4,1.4,,roupa de neoprene surf
camiseta neoprene feminina,Neoprene,70.0,0.0,0.07,,False,False,False,3.4,1.4,,camiseta neoprene feminina
camiseta neoprene masculina,Neoprene,70.0,0.0,0.09,,False,False,False,3.4,1.4,,camiseta neoprene masculina
macacao neoprene feminino,Neoprene,70.0,0.0,0.11,,False,False,False,3.4,1.4,,macacao neoprene feminino
macacão neoprene feminino,Neoprene,70.0,0.0,0.11,,False,False,False,3.4,1.4,macacao neoprene feminino,macacao neoprene feminino
camisa de neoprene,Neoprene,90.0,17.0,0.07,"Informational, Commercial",True,False,False,2.6,1.3,,camisa de neoprene
camiseta neoprene surf,Neoprene,90.0,18.0,0.09,"Informational, Commercial",False,False,False,2.6,1.3,,camiseta neoprene surf
roupa de neoprene infantil,Neoprene,50.0,0.0,0.1,,False,False,False,2.5,1.0,,roupa de neoprene infantil
roupa de neoprene masculina,Neoprene,50.0,0.0,0.09,,False,False,False,2.5,1.0,,roupa de neoprene masculina
conjunto neoprene,Neoprene,50.0,0.0,0.06,,False,False,False,2.5,1.0,,conjunto neoprene
roupa de neoprene para surf,Neoprene,50.0,0.0,0.18,,False,False,False,2.5,1.0,,roupa de neoprene para surf
roupa termica surf,Neoprene,50.0,0.0,0.08,,False,False,False,2.5,1.0,,roupa termica surf
neoprene 2mm,Neoprene,40.0,0.0,0.1,,False,False,False,2.0,0.8,,neoprene 2mm
blusa de neoprene feminina,Neoprene,40.0,0.0,0.08,,False,False,False,2.0,0.8,,blusa de neoprene feminina
blusa neoprene masculina,Neoprene,30.0,0.0,0.08,,False,False,False,1.5,0.6,,blusa neoprene masculina
camisa mormaii neoprene,Neoprene,30.0,0.0,0.08,,False,False,False,1.5,0.6,,camisa mormaii neoprene
camisa neoprene mormaii,Neoprene,30.0,0.0,0.08,,False,False,False,1.5,0.6,,camisa neoprene mormaii
bermuda neoprene surf,Neoprene,20.0,0.0,0.14,,False,False,False,1.0,0.4,,bermuda neoprene surf
comprar roupa de neoprene,Neoprene,20.0,0.0,0.0,,False,False,False,1.0,0.4,,comprar roupa de neoprene
long john neoprene,Neoprene,20.0,0.0,0.1,,False,False,False,1.0,0.4,,long john neoprene
macaquinho de neoprene,Neoprene,20.0,0.0,0.05,,False,False,False,1.0,0.4,,macaquinho de neoprene
roupa de neoprene 3mm,Neoprene,20.0,0.0,0.11,,False,False,False,1.0,0.4,,roupa de neoprene 3mm
roupa de neoprene preço,Neoprene,20.0,0.0,0.0,,False,False,False,1.0,0.4,,roupa de neoprene preco
short de neoprene,Neoprene,20.0,0.0,0.09,,False,False,False,1.0,0.4,,short de neoprene
wetsuit infantil,Neoprene,20.0,0.0,0.17,,False,False,False,1.0,0.4,,wetsuit infantil
bermuda de neoprene masculina,Neoprene,20.0,0.0,0.08,,False,False,False,1.0,0.4,,bermuda de neoprene masculina
bermuda de neoprene para surf,Neoprene,20.0,0.0,0.09,,False,False,False,1.0,0.4,,bermuda de neoprene para surf
bermuda surf neoprene,Neoprene,20.0,0.0,0.08,,False,False,False,1.0,0.4,,bermuda surf neoprene
blusa de neoprene masculina,Neoprene,20.0,0.0,0.05,,False,False,False,1.0,0.4,,blusa de neoprene masculina
blusa neoprene surf,Neoprene,20.0,0.0,0.07,,False,False,False,1.0,0.4,,blusa neoprene surf
camisa de neoprene manga longa,Neoprene,20.0,0.0,0.0,,False,False,False,1.0,0.4,,camisa de neoprene manga longa
camisa de neoprene masculina,Neoprene,20.0,0.0,0.04,,False,False,False,1.0,0.4,,camisa de neoprene masculina
camisa de neoprene mormaii,Neoprene,20.0,0.0,0.0,,False,False,False,1.0,0.4,,camisa de neoprene mormaii
camisa de neoprene para surf,Neoprene,20.0,0.0,0.08,,False,False,False,1.0,0.4,,camisa de neoprene para surf
camisa de neoprene surf,Neoprene,20.0,0.0,0.08,,False,False,False,1.0,0.4,,camisa de neoprene surf
camisa manga longa neoprene,Neoprene,20.0,0.0,0.09,,False,False,False,1.0,0.4,,camisa manga longa neoprene
camisa neoprene 1 5mm,Neoprene,20.0,0.0,0.04,,False,False,False,1.0,0.4,,camisa neoprene 1 5mm
camisa neoprene 1mm,Neoprene,20.0,0.0,0.08,,False,False,False,1.0,0.4,,camisa neoprene 1mm
camisa neoprene 2mm,Neoprene,20.0,0.0,0.07,,False,False,False,1.0,0.4,,camisa neoprene 2mm
camisa neoprene 3mm,Neoprene,20.0,0.0,0.07,,False,False,False,1.0,0.4,,camisa neoprene 3mm
camisa neoprene billabong,Neoprene,20.0,0.0,0.0,,False,False,False,1.0,0.4,,camisa neoprene billabong
camisa neoprene decathlon,Neoprene,20.0,0.0,0.02,,False,False,False,1.0,0.4,,camisa neoprene decathlon
camisa neoprene hurley,Neoprene,20.0,0.0,0.0,,False,False,False,1.0,0.4,,camisa neoprene hurley
camisa neoprene manga curta,Neoprene,20.0,0.0,0.0,,False,False,False,1.0,0.4,,camisa neoprene manga curta
camisa neoprene manga longa,Neoprene,20.0,0.0,0.09,,False,False,False,1.0,0.4,,camisa neoprene manga longa
camisa neoprene masculina,Neoprene,20.0,0.0,0.09,,False,False,False,1.0,0.4,,camisa neoprene masculina
camisa neoprene rip curl,Neoprene,20.0,0.0,0.11,,False,False,False,1.0,0.4,,camisa neoprene rip curl
camisa neoprene surf 2mm,Neoprene,20.0,0.0,0.08,,False,False,False,1.0,0.4,,camisa neoprene surf 2mm
camiseta neoprene manga curta,Neoprene,20.0,0.0,0.06,,False,False,False,1.0,0.4,,camiseta neoprene manga curta
conjunto de neoprene,Neoprene,20.0,0.0,0.0,,False,False,False,1.0,0.4,,conjunto de neoprene
kit neoprene,Neoprene,20.0,0.0,0.0,,False,False,False,1.0,0.4,,kit neoprene
neoprene camisa,Neoprene,20.0,0.0,0.06,,False,False,False,1.0,0.4,,neoprene camisa
neoprene camiseta,Neoprene,20.0,0.0,0.0,,False,False,False,1.0,0.4,,neoprene camiseta
neoprene para surf,Neoprene,20.0,0.0,0.1,,False,False,False,1.0,0.4,,neoprene para surf
roupa termica para agua,Neoprene,20.0,0.0,0.07,,False,False,False,1.0,0.4,,roupa termica para agua
segunda pele neoprene,Neoprene,20.0,0.0,0.05,,False,False,False,1.0,0.4,,segunda pele neoprene
shorts neoprene,Neoprene,10.0,0.0,0.1,,False,False,False,0.5,0.2,,shorts neoprene
capuz de neoprene surf,Neoprene,,,,,False,False,False,,,,capuz de neoprene surf
espessura de neoprene surf,Neoprene,,,,,False,False,False,,,,espessura de neoprene surf
luva de neoprene surf,Neoprene,0.0,0.0,0.0,,False,False,False,0.0,0.0,,luva de neoprene surf
melhor roupa de neoprene,Neoprene,0.0,0.0,0.0,,False,False,False,0.0,0.0,,melhor roupa de neoprene
neoprene inverno surf,Neoprene,,,,,False,False,False,,,,neoprene inverno surf
neoprene nacional,Neoprene,,,,,False,False,False,,,,neoprene nacional
neoprene para kitesurf,Neoprene,0.0,0.0,0.0,,False,False,False,0.0,0.0,,neoprene para kitesurf
neoprene para pesca,Neoprene,0.0,0.0,0.0,,False,False,False,0.0,0.0,,neoprene para pesca
neoprene para stand up paddle,Neoprene,,,,,False,False,False,,,,neoprene para stand up paddle
neoprene surf 3 2,Neoprene,,,,,False,False,False,,,,neoprene surf 3 2
roupa de neoprene brasileira,Neoprene,,,,,False,False,False,,,,roupa de neoprene brasileira
roupa de neoprene para água fria,Neoprene,,,,,False,False,False,,,,roupa de neoprene para agua fria
roupa térmica surf,Neoprene,,,,,False,False,False,,,roupa termica surf,roupa termica surf
tamanho de roupa de neoprene,Neoprene,0.0,0.0,0.0,,False,False,False,0.0,0.0,,tamanho de roupa de neoprene
bermuda neoprene masculino,Neoprene,0.0,0.0,0.0,,False,False,False,0.0,0.0,,bermuda neoprene masculino
camisa lycra neoprene,Neoprene,,,,,False,False,False,,,,camisa lycra neoprene
camiseta com neoprene e uv,Neoprene,,,,,False,False,False,,,,camiseta com neoprene e uv
camiseta neoprene 1.5mm,Neoprene,0.0,0.0,0.0,,False,False,False,0.0,0.0,,camiseta neoprene 1.5mm
loja de roupa de neoprene,Neoprene,,,,,False,False,False,,,,loja de roupa de neoprene
roupa termica para mar,Neoprene,,,,,False,False,False,,,,roupa termica para mar
shorts de neoprene,Neoprene,0.0,0.0,0.09,,False,False,False,0.0,0.0,,shorts de neoprene
poncho toalha infantil,"Poncho, toalha e roupao",590.0,9.0,0.12,Commercial,False,False,False,28.9,23.1,,poncho toalha infantil
poncho toalha,"Poncho, toalha e roupao",390.0,11.0,0.12,Commercial,False,False,False,19.1,15.3,,poncho toalha
toalha poncho,"Poncho, toalha e roupao",390.0,11.0,0.11,Commercial,True,False,False,19.1,15.3,,toalha poncho
poncho surf,"Poncho, toalha e roupao",590.0,8.0,0.16,"Informational, Commercial",False,False,False,28.9,14.4,,poncho surf
toalha com capuz infantil,"Poncho, toalha e roupao",1000.0,10.0,0.12,Informational,False,False,False,49.0,12.2,,toalha com capuz infantil
poncho atoalhado,"Poncho, toalha e roupao",170.0,11.0,0.1,Commercial,True,False,False,8.3,6.6,,poncho atoalhado
roupão de praia infantil,"Poncho, toalha e roupao",140.0,12.0,0.1,Commercial,True,False,False,6.9,5.5,,roupao de praia infantil
poncho surf masculino,"Poncho, toalha e roupao",110.0,7.0,0.08,Commercial,False,False,False,5.4,4.3,,poncho surf masculino
poncho de surf,"Poncho, toalha e roupao",170.0,7.0,0.11,"Informational, Commercial",True,False,False,8.3,4.2,,poncho de surf
roupao de surf,"Poncho, toalha e roupao",90.0,8.0,0.11,Commercial,True,False,False,4.4,3.5,,roupao de surf
poncho atoalhado infantil,"Poncho, toalha e roupao",210.0,11.0,0.12,Informational,True,False,False,10.3,2.6,,poncho atoalhado infantil
poncho surf feminino,"Poncho, toalha e roupao",90.0,4.0,0.12,"Informational, Commercial",False,False,False,4.4,2.2,,poncho surf feminino
roupão de surf,"Poncho, toalha e roupao",90.0,10.0,0.11,"Informational, Commercial",True,False,False,4.4,2.2,roupao de surf,roupao de surf
roupão de praia,"Poncho, toalha e roupao",110.0,19.0,0.1,"Informational, Commercial",True,False,False,3.2,1.6,,roupao de praia
poncho praia,"Poncho, toalha e roupao",70.0,0.0,0.15,,False,False,False,3.4,1.4,,poncho praia
poncho de praia,"Poncho, toalha e roupao",50.0,0.0,0.07,,False,False,False,2.5,1.0,,poncho de praia
poncho toalha surf,"Poncho, toalha e roupao",50.0,0.0,0.12,,False,False,False,2.5,1.0,,poncho toalha surf
toalha poncho surf,"Poncho, toalha e roupao",50.0,0.0,0.12,,False,False,False,2.5,1.0,,toalha poncho surf
poncho atoalhado feminino,"Poncho, toalha e roupao",40.0,0.0,0.14,,False,False,False,2.0,0.8,,poncho atoalhado feminino
poncho microfibra,"Poncho, toalha e roupao",40.0,0.0,0.04,,False,False,False,2.0,0.8,,poncho microfibra
toalha de surf,"Poncho, toalha e roupao",40.0,0.0,0.07,,False,False,False,2.0,0.8,,toalha de surf
poncho de banho infantil,"Poncho, toalha e roupao",30.0,0.0,0.0,,False,False,False,1.5,0.6,,poncho de banho infantil
toalha com capuz adulto,"Poncho, toalha e roupao",30.0,0.0,0.07,,False,False,False,1.5,0.6,,toalha com capuz adulto
poncho de surf masculino,"Poncho, toalha e roupao",20.0,0.0,0.07,,False,False,False,1.0,0.4,,poncho de surf masculino
poncho infantil praia,"Poncho, toalha e roupao",20.0,0.0,0.0,,False,False,False,1.0,0.4,,poncho infantil praia
poncho para piscina,"Poncho, toalha e roupao",20.0,0.0,0.0,,False,False,False,1.0,0.4,,poncho para piscina
poncho surf infantil,"Poncho, toalha e roupao",20.0,0.0,0.09,,False,False,False,1.0,0.4,,poncho surf infantil
poncho toalha adulto,"Poncho, toalha e roupao",20.0,0.0,0.07,,False,False,False,1.0,0.4,,poncho toalha adulto
toalha de praia com capuz,"Poncho, toalha e roupao",20.0,0.0,0.0,,False,False,False,1.0,0.4,,toalha de praia com capuz
poncho de surf feminino,"Poncho, toalha e roupao",10.0,0.0,0.11,,False,False,False,0.5,0.2,,poncho de surf feminino
capa de banho praia,"Poncho, toalha e roupao",,,,,False,False,False,,,,capa de banho praia
comprar poncho de surf,"Poncho, toalha e roupao",,,,,False,False,False,,,,comprar poncho de surf
melhor poncho de surf,"Poncho, toalha e roupao",,,,,False,False,False,,,,melhor poncho de surf
poncho atoalhado masculino,"Poncho, toalha e roupao",,,,,False,False,False,,,,poncho atoalhado masculino
poncho de algodão praia,"Poncho, toalha e roupao",,,,,False,False,False,,,,poncho de algodao praia
poncho de surf barato,"Poncho, toalha e roupao",,,,,False,False,False,,,,poncho de surf barato
poncho de surf como usar,"Poncho, toalha e roupao",,,,,False,False,False,,,,poncho de surf como usar
poncho de surf estampado,"Poncho, toalha e roupao",,,,,False,False,False,,,,poncho de surf estampado
poncho de surf grande,"Poncho, toalha e roupao",,,,,False,False,False,,,,poncho de surf grande
poncho de surf infantil,"Poncho, toalha e roupao",0.0,0.0,0.0,,False,False,False,0.0,0.0,,poncho de surf infantil
poncho de surf ou toalha,"Poncho, toalha e roupao",,,,,False,False,False,,,,poncho de surf ou toalha
poncho de surf preço,"Poncho, toalha e roupao",,,,,False,False,False,,,,poncho de surf preco
poncho de surf tamanho,"Poncho, toalha e roupao",,,,,False,False,False,,,,poncho de surf tamanho
poncho de trocar roupa,"Poncho, toalha e roupao",,,,,False,False,False,,,,poncho de trocar roupa
poncho felpudo praia,"Poncho, toalha e roupao",,,,,False,False,False,,,,poncho felpudo praia
poncho microfibra praia,"Poncho, toalha e roupao",,,,,False,False,False,,,,poncho microfibra praia
poncho para kitesurf,"Poncho, toalha e roupao",,,,,False,False,False,,,,poncho para kitesurf
poncho para stand up paddle,"Poncho, toalha e roupao",,,,,False,False,False,,,,poncho para stand up paddle
poncho para trocar de roupa,"Poncho, toalha e roupao",,,,,False,False,False,,,,poncho para trocar de roupa
poncho para trocar roupa na praia,"Poncho, toalha e roupao",,,,,False,False,False,,,,poncho para trocar roupa na praia
poncho surf nacional,"Poncho, toalha e roupao",,,,,False,False,False,,,,poncho surf nacional
poncho toalha com bolso,"Poncho, toalha e roupao",,,,,False,False,False,,,,poncho toalha com bolso
poncho toalha esportivo,"Poncho, toalha e roupao",,,,,False,False,False,,,,poncho toalha esportivo
poncho toalha praia,"Poncho, toalha e roupao",,,,,False,False,False,,,,poncho toalha praia
poncho toalha secagem rápida,"Poncho, toalha e roupao",,,,,False,False,False,,,,poncho toalha secagem rapida
roupão com capuz praia,"Poncho, toalha e roupao",,,,,False,False,False,,,,roupao com capuz praia
roupão toalha praia,"Poncho, toalha e roupao",,,,,False,False,False,,,,roupao toalha praia
roupão toalha surf,"Poncho, toalha e roupao",0.0,0.0,0.0,,False,False,False,0.0,0.0,,roupao toalha surf
toalha para surf,"Poncho, toalha e roupao",,,,,False,False,False,,,,toalha para surf
toalha poncho academia,"Poncho, toalha e roupao",,,,,False,False,False,,,,toalha poncho academia
toalha poncho para bebê,"Poncho, toalha e roupao",,,,,False,False,False,,,,toalha poncho para bebe
toalha poncho piscina,"Poncho, toalha e roupao",,,,,False,False,False,,,,toalha poncho piscina
saida de praia,Saida de praia e resort,60500.0,26.0,0.12,"Informational, Commercial",True,False,False,1754.5,877.2,,saida de praia
saída de praia,Saida de praia e resort,14800.0,18.0,0.12,Informational,True,False,False,429.2,107.3,saida de praia,saida de praia
saída de praia longa,Saida de praia e resort,2400.0,9.0,0.14,Commercial,True,False,False,117.6,94.1,,saida de praia longa
vestido de praia,Saida de praia e resort,2900.0,14.0,0.11,"Informational, Commercial",True,False,False,142.1,71.0,,vestido de praia
saída de praia de crochê,Saida de praia e resort,6600.0,33.0,0.14,"Informational, Transactional",True,False,False,66.0,59.4,,saida de praia de croche
saída de praia feminina,Saida de praia e resort,1300.0,16.0,0.11,"Informational, Transactional",True,False,False,37.7,33.9,,saida de praia feminina
saída de praia branca,Saida de praia e resort,720.0,11.0,0.17,Commercial,True,False,False,35.3,28.2,,saida de praia branca
saia de praia longa,Saida de praia e resort,1900.0,14.0,0.11,Informational,True,False,False,93.1,23.3,,saia de praia longa
saia de praia,Saida de praia e resort,2900.0,19.0,0.12,Informational,True,False,False,84.1,21.0,,saia de praia
conjunto praia feminino,Saida de praia e resort,880.0,24.0,0.15,Commercial,False,False,False,25.5,20.4,,conjunto praia feminino
conjunto de praia feminino,Saida de praia e resort,880.0,29.0,0.08,"Informational, Commercial",True,False,False,25.5,12.8,,conjunto de praia feminino
saída de praia preta,Saida de praia e resort,320.0,12.0,0.18,Commercial,True,False,False,15.7,12.6,,saida de praia preta
saída de praia infantil,Saida de praia e resort,480.0,22.0,0.15,Commercial,True,False,False,13.9,11.1,,saida de praia infantil
saída de praia plus size,Saida de praia e resort,1300.0,20.0,0.09,Informational,True,False,False,37.7,9.4,,saida de praia plus size
vestido de praia curto,Saida de praia e resort,320.0,12.0,0.09,"Informational, Commercial",True,False,False,15.7,7.8,,vestido de praia curto
saída de praia curta,Saida de praia e resort,590.0,13.0,0.15,Informational,True,False,False,28.9,7.2,,saida de praia curta
macaquinho praia,Saida de praia e resort,260.0,10.0,0.15,"Informational, Commercial",True,False,False,12.7,6.3,,macaquinho praia
saia de praia curta,Saida de praia e resort,390.0,20.0,0.15,"Informational, Commercial",True,False,False,11.3,5.7,,saia de praia curta
saida de praia transparente,Saida de praia e resort,390.0,24.0,0.14,"Informational, Commercial",True,False,False,11.3,5.7,,saida de praia transparente
saida de praia bege,Saida de praia e resort,170.0,12.0,0.21,"Informational, Commercial",True,False,False,8.3,4.2,,saida de praia bege
vestido praia longo,Saida de praia e resort,260.0,19.0,0.12,"Informational, Commercial",True,False,False,7.5,3.8,,vestido praia longo
body de praia,Saida de praia e resort,140.0,10.0,0.09,"Informational, Commercial",True,False,False,6.9,3.5,,body de praia
vestido resort,Saida de praia e resort,140.0,10.0,0.24,"Informational, Commercial",True,False,False,6.9,3.5,,vestido resort
mini saia transparente,Saida de praia e resort,140.0,23.0,0.06,Commercial,False,False,False,4.1,3.3,,mini saia transparente
saída de praia 2026,Saida de praia e resort,260.0,11.0,0.09,Informational,True,True,False,12.7,3.2,,saida de praia 2026
saia transparente tule,Saida de praia e resort,110.0,13.0,0.13,"Informational, Commercial",False,False,False,5.4,2.7,,saia transparente tule
macacao surf feminino,Saida de praia e resort,110.0,9.0,0.14,"Informational, Commercial",False,False,False,5.4,2.7,,macacao surf feminino
saída de praia de tule,Saida de praia e resort,110.0,0.0,0.1,,False,False,False,5.4,2.2,,saida de praia de tule
macacão de praia,Saida de praia e resort,170.0,11.0,0.2,Informational,True,False,False,8.3,2.1,,macacao de praia
conjunto saída de praia,Saida de praia e resort,140.0,18.0,0.15,"Informational, Commercial",False,False,False,4.1,2.0,,conjunto saida de praia
macacão de surf feminino,Saida de praia e resort,110.0,16.0,0.06,"Informational, Commercial",True,False,False,3.2,1.6,,macacao de surf feminino
cropped de praia,Saida de praia e resort,70.0,0.0,0.15,,False,False,False,3.4,1.4,,cropped de praia
vestido longo saída de praia,Saida de praia e resort,70.0,0.0,0.15,,False,False,False,3.4,1.4,,vestido longo saida de praia
saída de praia de renda,Saida de praia e resort,90.0,6.0,0.11,Informational,True,False,False,4.4,1.1,,saida de praia de renda
comprar saída de praia,Saida de praia e resort,50.0,0.0,0.1,,False,False,False,2.5,1.0,,comprar saida de praia
saída de praia com franja,Saida de praia e resort,50.0,0.0,0.12,,False,False,False,2.5,1.0,,saida de praia com franja
macaquinho de surf,Saida de praia e resort,40.0,0.0,0.1,,False,False,False,2.0,0.8,,macaquinho de surf
kaftan de praia,Saida de praia e resort,30.0,0.0,0.2,,False,False,False,1.5,0.6,,kaftan de praia
saída de praia de linho,Saida de praia e resort,30.0,0.0,0.1,,False,False,False,1.5,0.6,,saida de praia de linho
robe de praia,Saida de praia e resort,20.0,0.0,0.0,,False,False,False,1.0,0.4,,robe de praia
saia drapeada praia,Saida de praia e resort,20.0,0.0,0.18,,False,False,False,1.0,0.4,,saia drapeada praia
saída de praia com manga,Saida de praia e resort,20.0,0.0,0.11,,False,False,False,1.0,0.4,,saida de praia com manga
saída de praia preço,Saida de praia e resort,20.0,0.0,0.02,,False,False,False,1.0,0.4,,saida de praia preco
macaquinho para surfar,Saida de praia e resort,,,,,False,False,False,,,,macaquinho para surfar
moda resort feminina,Saida de praia e resort,0.0,0.0,0.0,,False,False,False,0.0,0.0,,moda resort feminina
saída de praia esportiva,Saida de praia e resort,,,,,False,False,False,,,,saida de praia esportiva
saída de praia para gestante,Saida de praia e resort,0.0,0.0,0.12,,False,False,False,0.0,0.0,,saida de praia para gestante
saída de praia para surf,Saida de praia e resort,,,,,False,False,False,,,,saida de praia para surf
túnica de praia,Saida de praia e resort,0.0,0.0,0.0,,False,False,False,0.0,0.0,,tunica de praia
sunga masculina,"Sunga, bermuda e short",22200.0,22.0,0.14,Commercial,True,False,False,643.8,515.0,,sunga masculina
sunga,"Sunga, bermuda e short",18100.0,27.0,0.25,Informational,True,True,False,524.9,131.2,,sunga
sunga boxer,"Sunga, bermuda e short",2900.0,14.0,0.11,Commercial,False,False,False,142.1,113.7,,sunga boxer
sunga infantil,"Sunga, bermuda e short",4400.0,16.0,0.12,Commercial,False,False,False,127.6,102.1,,sunga infantil
boardshort,"Sunga, bermuda e short",2400.0,11.0,0.21,Commercial,False,False,False,117.6,94.1,,boardshort
bermuda surf,"Sunga, bermuda e short",2400.0,12.0,0.18,Commercial,False,False,False,117.6,94.1,,bermuda surf
short de praia feminino,"Sunga, bermuda e short",2900.0,9.0,0.12,"Informational, Commercial",True,False,False,142.1,71.0,,short de praia feminino
short de praia,"Sunga, bermuda e short",2900.0,18.0,0.14,Commercial,True,False,False,84.1,67.3,,short de praia
short de praia masculino,"Sunga, bermuda e short",2400.0,16.0,0.15,Commercial,True,False,False,69.6,55.7,,short de praia masculino
sunga de praia,"Sunga, bermuda e short",2400.0,18.0,0.11,Commercial,True,False,False,69.6,55.7,,sunga de praia
boardshort masculino,"Sunga, bermuda e short",1300.0,10.0,0.17,Commercial,False,False,False,63.7,51.0,,boardshort masculino
sunga slip,"Sunga, bermuda e short",1000.0,14.0,0.21,Commercial,True,False,False,49.0,39.2,,sunga slip
bermuda de praia masculina,"Sunga, bermuda e short",1600.0,25.0,0.19,Commercial,False,False,False,46.4,37.1,,bermuda de praia masculina
bermudas masculinas surfista,"Sunga, bermuda e short",720.0,10.0,0.16,Commercial,False,False,False,35.3,28.2,,bermudas masculinas surfista
sunga preta,"Sunga, bermuda e short",1000.0,14.0,0.15,"Informational, Commercial",True,False,False,49.0,24.5,,sunga preta
short de banho masculino,"Sunga, bermuda e short",1600.0,16.0,0.21,"Informational, Commercial",True,False,False,46.4,23.2,,short de banho masculino
bermuda de surf,"Sunga, bermuda e short",480.0,9.0,0.14,Commercial,False,False,False,23.5,18.8,,bermuda de surf
short surf,"Sunga, bermuda e short",590.0,11.0,0.2,"Informational, Commercial",False,False,False,28.9,14.4,,short surf
short surf masculino,"Sunga, bermuda e short",320.0,12.0,0.18,Commercial,True,False,False,15.7,12.6,,short surf masculino
bermuda masculina surf,"Sunga, bermuda e short",260.0,9.0,0.11,Commercial,False,False,False,12.7,10.2,,bermuda masculina surf
short surfista,"Sunga, bermuda e short",260.0,10.0,0.16,Commercial,True,False,False,12.7,10.2,,short surfista
short saia praia,"Sunga, bermuda e short",390.0,10.0,0.11,"Informational, Commercial",False,False,False,19.1,9.6,,short saia praia
bermuda de banho masculina,"Sunga, bermuda e short",590.0,23.0,0.19,"Informational, Commercial",False,False,False,17.1,8.6,,bermuda de banho masculina
short de surf,"Sunga, bermuda e short",210.0,9.0,0.18,Commercial,False,False,False,10.3,8.2,,short de surf
bermuda surfista,"Sunga, bermuda e short",320.0,10.0,0.11,"Informational, Commercial",False,False,False,15.7,7.8,,bermuda surfista
bermuda de surf masculina,"Sunga, bermuda e short",170.0,8.0,0.14,Commercial,False,False,False,8.3,6.6,,bermuda de surf masculina
bermuda para surfista,"Sunga, bermuda e short",170.0,8.0,0.12,Commercial,False,False,False,8.3,6.6,,bermuda para surfista
sunga estampada,"Sunga, bermuda e short",170.0,13.0,0.13,"Informational, Commercial",False,False,False,8.3,4.2,,sunga estampada
bermuda elastano surf,"Sunga, bermuda e short",140.0,21.0,0.1,Commercial,False,False,False,4.1,3.3,,bermuda elastano surf
short de praia infantil,"Sunga, bermuda e short",110.0,7.0,0.13,"Informational, Commercial",True,False,False,5.4,2.7,,short de praia infantil
bermuda de flutuação,"Sunga, bermuda e short",110.0,22.0,0.1,Commercial,True,False,False,3.2,2.6,,bermuda de flutuacao
bermuda tactel praia,"Sunga, bermuda e short",110.0,19.0,0.11,"Informational, Commercial",False,False,False,3.2,1.6,,bermuda tactel praia
bermuda para surfar,"Sunga, bermuda e short",50.0,0.0,0.12,,False,False,False,2.5,1.0,,bermuda para surfar
bermuda com cordão,"Sunga, bermuda e short",30.0,0.0,0.0,,False,False,False,1.5,0.6,,bermuda com cordao
bermuda de surf infantil,"Sunga, bermuda e short",20.0,0.0,0.1,,False,False,False,1.0,0.4,,bermuda de surf infantil
bermuda com bolso surf,"Sunga, bermuda e short",,,,,False,False,False,,,,bermuda com bolso surf
bermuda de surf preço,"Sunga, bermuda e short",,,,,False,False,False,,,,bermuda de surf preco
bermuda de surf secagem rápida,"Sunga, bermuda e short",,,,,False,False,False,,,,bermuda de surf secagem rapida
bermuda de surf sem costura,"Sunga, bermuda e short",0.0,0.0,0.0,,False,False,False,0.0,0.0,,bermuda de surf sem costura
bermuda de surf tamanho,"Sunga, bermuda e short",,,,,False,False,False,,,,bermuda de surf tamanho
bermuda para stand up paddle,"Sunga, bermuda e short",,,,,False,False,False,,,,bermuda para stand up paddle
board short surf,"Sunga, bermuda e short",0.0,0.0,0.21,,False,False,False,0.0,0.0,,board short surf
comprar bermuda de surf,"Sunga, bermuda e short",0.0,0.0,0.0,,False,False,False,0.0,0.0,,comprar bermuda de surf
melhor bermuda para surfar,"Sunga, bermuda e short",0.0,0.0,0.0,,False,False,False,0.0,0.0,,melhor bermuda para surfar
bermuda para aguas abertas,"Sunga, bermuda e short",,,,,False,False,False,,,,bermuda para aguas abertas
bermuda para remada,"Sunga, bermuda e short",,,,,False,False,False,,,,bermuda para remada
bermuda termica para agua,"Sunga, bermuda e short",,,,,False,False,False,,,,bermuda termica para agua
bermuda termica surf,"Sunga, bermuda e short",,,,,False,False,False,,,,bermuda termica surf
